Vehicle,Region,Integrated Transport Authority (ITA),Local Authority,PFA,Units,2015,2016,2017,2018,2019,2020,2021,2022,2023
Cars and Taxis,Great Britain,Great Britain All,Great Britain All,,Million vehicle kilometres,402836.40,410100.40,415127.90,417017.10,423075.80,317563.10,356243.50,392670.10,404427.80
Cars and Taxis,England,England All,England All,ENGLAND,Million vehicle kilometres,345533.60,351064.70,355569.80,356962.80,362359.10,272881.40,305251.60,336056.60,346100.20
Cars and Taxis,Wales,Wales All,Wales All,WALES,Million vehicle kilometres,22706.80,23547.60,23482.20,23755.70,24039.20,17649.40,19928.50,22238.40,22955.40
Cars and Taxis,England and Wales,England and Wales All,England and Wales All,ENGLAND AND WALES,Million vehicle kilometres,368240.40,374612.30,379052.00,380718.50,386398.30,290530.80,325180.10,358295.00,369055.60
Cars and Taxis,North East,North East All,North East All,North East,Million vehicle kilometres,14923.50,15026.50,15221.80,15525.20,16255.60,12354.20,13842.50,15379.50,15986.10
Cars and Taxis,North East,Rest of North East,County Durham,Durham,Million vehicle kilometres,3158.30,3124.00,3210.70,3279.50,3413.10,2538.80,2921.60,3235.30,3366.10
Cars and Taxis,North East,Rest of North East,Darlington,Durham,Million vehicle kilometres,635.90,626.30,623.10,643.30,665.70,510.90,572.20,639.50,658.00
Cars and Taxis,North East,Rest of North East,Hartlepool,Cleveland,Million vehicle kilometres,479.10,485.60,490.50,509.10,523.60,398.60,451.60,499.50,520.50
Cars and Taxis,North East,Rest of North East,Middlesbrough,Cleveland,Million vehicle kilometres,927.50,922.40,940.70,968.60,1006.70,760.60,860.30,1022.40,1054.40
Cars and Taxis,North East,Rest of North East,Northumberland,Northumbria,Million vehicle kilometres,2236.40,2310.50,2379.10,2405.10,2527.90,1934.50,2189.50,2406.50,2502.30
Cars and Taxis,North East,Rest of North East,Redcar and Cleveland,Cleveland,Million vehicle kilometres,705.80,712.60,718.70,754.20,783.80,639.30,707.00,736.90,769.00
Cars and Taxis,North East,Rest of North East,Stockton-on-Tees,Cleveland,Million vehicle kilometres,1113.80,1129.50,1126.70,1125.80,1229.40,902.10,1022.40,1093.60,1159.00
Cars and Taxis,North East,Tyne and Wear ITA,Tyne and Wear ITA All,Northumbria,Million vehicle kilometres,5666.70,5715.60,5732.40,5839.50,6105.50,4669.30,5117.90,5745.80,5956.80
Cars and Taxis,North East,Tyne and Wear ITA,Gateshead,,Million vehicle kilometres,1280.40,1283.30,1332.50,1353.70,1479.30,1117.20,1225.60,1340.00,1374.30
Cars and Taxis,North East,Tyne and Wear ITA,Newcastle upon Tyne,,Million vehicle kilometres,1385.90,1396.90,1409.50,1432.00,1470.80,1113.10,1212.00,1347.90,1426.50
Cars and Taxis,North East,Tyne and Wear ITA,North Tyneside,,Million vehicle kilometres,1045.70,1059.20,1037.50,1059.80,1105.60,873.00,954.80,1069.90,1099.20
Cars and Taxis,North East,Tyne and Wear ITA,South Tyneside,,Million vehicle kilometres,604.50,613.30,602.70,613.10,635.80,484.90,540.30,639.50,660.90
Cars and Taxis,North East,Tyne and Wear ITA,Sunderland,,Million vehicle kilometres,1350.30,1362.90,1350.20,1380.90,1413.90,1081.10,1185.20,1348.60,1395.80
Cars and Taxis,North West,North West All,North West All,North West,Million vehicle kilometres,44479.20,44619.20,44857.80,45481.30,46472.10,35305.60,39622.10,43310.60,44617.00
Cars and Taxis,North West,Rest of North West,Blackburn with Darwen,Lancashire,Million vehicle kilometres,589.80,587.50,564.10,594.00,601.30,451.80,505.70,534.40,560.40
Cars and Taxis,North West,Rest of North West,Blackpool,Lancashire,Million vehicle kilometres,452.20,450.00,448.20,447.90,451.90,371.00,403.70,425.40,443.20
Cars and Taxis,North West,Rest of North West,Cheshire,Cheshire,Million vehicle kilometres,,,,,,,,,
Cars and Taxis,North West,Rest of North West,Cheshire East,Cheshire,Million vehicle kilometres,3584.90,3579.90,3582.20,3616.60,3731.00,2691.90,3026.70,3430.50,3538.60
Cars and Taxis,North West,Rest of North West,Cheshire West and Chester,Cheshire,Million vehicle kilometres,3174.00,3175.90,3148.00,3233.20,3296.20,2398.60,2753.20,3013.60,3093.90
Cars and Taxis,North West,Rest of North West,Cumberland,Cumbria,Million vehicle kilometres,,,,,,,,,1849.20
Cars and Taxis,North West,Rest of North West,Cumbria,Cumbria,Million vehicle kilometres,4231.90,4322.60,4401.10,4624.90,4682.00,3212.40,3673.60,4092.00,
Cars and Taxis,North West,Rest of North West,Halton,Cheshire,Million vehicle kilometres,815.30,811.90,792.60,857.10,871.70,674.20,720.20,798.10,797.70
Cars and Taxis,North West,Rest of North West,Lancashire,Lancashire,Million vehicle kilometres,9017.20,8954.80,8997.00,9084.20,9323.70,7030.40,8065.40,8695.80,8901.70
Cars and Taxis,North West,Rest of North West,Warrington,Chesire,Million vehicle kilometres,2006.90,2105.30,2111.20,2113.50,2145.40,1552.70,1785.10,2032.00,2060.00
Cars and Taxis,North West,Rest of North West,Westmorland and Furness,Cumbria,Million vehicle kilometres,,,,,,,,,2428.70
Cars and Taxis,North West,Greater Manchester ITA,Greater Manchester ITA All,Greater Manchester,Million vehicle kilometres,14344.50,14311.60,14321.20,14382.70,14766.60,11652.90,12885.40,14014.80,14503.00
Cars and Taxis,North West,Greater Manchester ITA,Bolton,,Million vehicle kilometres,1647.20,1620.30,1635.80,1641.70,1671.90,1367.40,1482.00,1617.00,1668.50
Cars and Taxis,North West,Greater Manchester ITA,Bury,,Million vehicle kilometres,1276.70,1288.50,1259.40,1266.60,1312.80,1045.90,1170.50,1226.20,1257.90
Cars and Taxis,North West,Greater Manchester ITA,Manchester,,Million vehicle kilometres,2187.20,2183.00,2232.80,2215.00,2251.20,1750.90,1918.70,2125.00,2224.90
Cars and Taxis,North West,Greater Manchester ITA,Oldham,,Million vehicle kilometres,888.00,888.00,905.80,903.60,930.60,750.90,847.20,911.90,942.40
Cars and Taxis,North West,Greater Manchester ITA,Rochdale,,Million vehicle kilometres,1273.30,1284.40,1276.90,1295.70,1348.70,1037.50,1155.10,1266.80,1318.80
Cars and Taxis,North West,Greater Manchester ITA,Salford,,Million vehicle kilometres,1837.90,1826.10,1769.40,1792.50,1831.20,1395.90,1556.10,1672.40,1724.50
Cars and Taxis,North West,Greater Manchester ITA,Stockport,,Million vehicle kilometres,1530.00,1531.80,1544.90,1553.20,1639.40,1327.80,1420.70,1525.30,1599.40
Cars and Taxis,North West,Greater Manchester ITA,Tameside,,Million vehicle kilometres,940.70,944.00,949.50,965.50,976.50,791.40,868.40,948.90,967.60
Cars and Taxis,North West,Greater Manchester ITA,Trafford,,Million vehicle kilometres,1238.00,1215.10,1216.50,1219.70,1246.40,983.60,1085.80,1223.10,1272.20
Cars and Taxis,North West,Greater Manchester ITA,Wigan,,Million vehicle kilometres,1525.60,1530.40,1530.20,1529.20,1558.00,1201.60,1380.80,1498.00,1526.90
Cars and Taxis,North West,Merseyside ITA,Merseyside ITA All,Merseyside,Million vehicle kilometres,6262.60,6319.70,6492.30,6527.10,6602.20,5269.60,5803.30,6274.00,6440.60
Cars and Taxis,North West,Merseyside ITA,Knowsley,,Million vehicle kilometres,1126.30,1150.80,1215.40,1248.10,1278.00,1050.30,1151.40,1272.10,1240.00
Cars and Taxis,North West,Merseyside ITA,Liverpool,,Million vehicle kilometres,1747.20,1736.70,1828.70,1834.50,1837.30,1493.70,1638.40,1722.40,1777.70
Cars and Taxis,North West,Merseyside ITA,Sefton,,Million vehicle kilometres,930.00,934.80,960.70,950.80,961.70,737.50,831.10,906.40,945.40
Cars and Taxis,North West,Merseyside ITA,St. Helens,,Million vehicle kilometres,1056.40,1088.40,1084.50,1072.70,1074.30,823.90,892.50,997.00,1024.10
Cars and Taxis,North West,Merseyside ITA,Wirral,,Million vehicle kilometres,1402.70,1408.90,1402.90,1421.00,1450.80,1164.30,1289.80,1376.00,1453.40
Cars and Taxis,Yorkshire and The Humber,Yorkshire and The Humber All,Yorkshire and The Humber All,Yorkshire and The Humber,Million vehicle kilometres,33344.80,34412.50,34446.90,35246.90,35592.30,27172.10,29828.50,32660.50,33647.10
Cars and Taxis,Yorkshire and The Humber,Rest of Yorkshire and The Humber,East Riding of Yorkshire,Humberside,Million vehicle kilometres,2657.80,2765.10,2751.20,2832.60,2881.20,2228.00,2422.60,2657.40,2738.00
Cars and Taxis,Yorkshire and The Humber,Rest of Yorkshire and The Humber,Kingston upon Hull,Humberside,Million vehicle kilometres,944.50,950.10,962.10,984.80,999.20,802.60,849.90,917.50,931.10
Cars and Taxis,Yorkshire and The Humber,Rest of Yorkshire and The Humber,North East Lincolnshire,Humberside,Million vehicle kilometres,775.40,788.40,780.10,809.20,812.20,642.60,691.80,743.20,762.20
Cars and Taxis,Yorkshire and The Humber,Rest of Yorkshire and The Humber,North Lincolnshire,Humberside,Million vehicle kilometres,1215.00,1264.40,1251.20,1312.30,1300.00,1015.60,1098.60,1188.50,1254.30
Cars and Taxis,Yorkshire and The Humber,Rest of Yorkshire and The Humber,North Yorkshire,North Yorkshire,Million vehicle kilometres,6206.00,6532.90,6557.20,6787.10,6784.90,5054.10,5644.40,6196.50,6323.80
Cars and Taxis,Yorkshire and The Humber,Rest of Yorkshire and The Humber,York,North Yorkshire,Million vehicle kilometres,1003.30,1034.10,1077.20,1098.10,1114.00,834.00,932.10,1025.70,1054.00
Cars and Taxis,Yorkshire and The Humber,South Yorkshire ITA,South Yorkshire ITA All,South Yorkshire,Million vehicle kilometres,7873.70,8011.30,7981.80,8238.00,8341.80,6394.90,7028.00,7816.00,8064.60
Cars and Taxis,Yorkshire and The Humber,South Yorkshire ITA,Barnsley,,Million vehicle kilometres,1516.80,1529.50,1518.90,1568.50,1598.30,1207.70,1313.90,1497.70,1525.60
Cars and Taxis,Yorkshire and The Humber,South Yorkshire ITA,Doncaster,,Million vehicle kilometres,2364.30,2427.80,2431.80,2535.10,2543.60,1952.20,2157.50,2410.10,2472.70
Cars and Taxis,Yorkshire and The Humber,South Yorkshire ITA,Rotherham,,Million vehicle kilometres,1830.30,1851.00,1845.00,1894.90,1952.70,1475.70,1622.40,1791.80,1866.60
Cars and Taxis,Yorkshire and The Humber,South Yorkshire ITA,Sheffield,,Million vehicle kilometres,2162.30,2203.00,2186.10,2239.50,2247.10,1759.20,1934.10,2116.40,2199.70
Cars and Taxis,Yorkshire and The Humber,West Yorkshire ITA,West Yorkshire ITA All,West Yorkshire,Million vehicle kilometres,12669.10,13066.20,13086.10,13184.80,13359.10,10200.40,11161.10,12115.80,12519.00
Cars and Taxis,Yorkshire and The Humber,West Yorkshire ITA,Bradford,,Million vehicle kilometres,2034.90,2048.20,2044.40,2060.90,2054.70,1656.30,1765.90,1869.30,1920.30
Cars and Taxis,Yorkshire and The Humber,West Yorkshire ITA,Calderdale,,Million vehicle kilometres,1183.50,1210.10,1192.30,1205.50,1227.10,917.60,1009.60,1094.30,1142.10
Cars and Taxis,Yorkshire and The Humber,West Yorkshire ITA,Kirklees,,Million vehicle kilometres,2109.00,2175.00,2162.70,2168.80,2194.70,1664.50,1835.40,2022.70,2076.60
Cars and Taxis,Yorkshire and The Humber,West Yorkshire ITA,Leeds,,Million vehicle kilometres,5103.50,5318.90,5380.50,5415.70,5491.60,4170.70,4570.90,4992.30,5154.60
Cars and Taxis,Yorkshire and The Humber,West Yorkshire ITA,Wakefield,,Million vehicle kilometres,2238.20,2314.00,2306.20,2333.90,2390.90,1791.30,1979.30,2137.20,2225.40
Cars and Taxis,East Midlands,East Midlands All,East Midlands All,East Midlands,Million vehicle kilometres,33860.90,34826.90,35409.90,35681.00,36463.60,27563.10,30943.20,34464.20,35500.30
Cars and Taxis,East Midlands,East Midlands,Derby,Derbyshire,Million vehicle kilometres,1455.30,1466.30,1516.10,1498.30,1547.10,1307.00,1389.70,1589.30,1619.30
Cars and Taxis,East Midlands,East Midlands,Derbyshire,Derbyshire,Million vehicle kilometres,6273.50,6523.10,6620.30,6644.80,6771.30,5057.70,5689.90,6382.70,6599.10
Cars and Taxis,East Midlands,East Midlands,Leicester,Leicestershire,Million vehicle kilometres,1202.90,1224.40,1253.90,1240.20,1283.10,1082.90,1153.50,1318.10,1350.50
Cars and Taxis,East Midlands,East Midlands,Leicestershire,Leicestershire,Million vehicle kilometres,5895.70,6093.30,6151.00,6172.60,6315.30,4649.10,5282.00,5918.40,6178.60
Cars and Taxis,East Midlands,East Midlands,Lincolnshire,Lincolnshire,Million vehicle kilometres,4715.20,4904.30,5043.70,5175.80,5237.20,3929.40,4487.20,4954.70,5058.20
Cars and Taxis,East Midlands,East Midlands,North Northamptonshire,Northamptonshire,Million vehicle kilometres,,,,,,,2400.10,2604.40,2735.50
Cars and Taxis,East Midlands,East Midlands,Northamptonshire,Northamptonshire,Million vehicle kilometres,6714.30,6859.70,6978.80,7101.70,7304.50,5427.30,,,
Cars and Taxis,East Midlands,East Midlands,Nottingham,Nottinghamshire,Million vehicle kilometres,1250.50,1263.30,1305.20,1323.20,1379.90,1127.70,1201.40,1337.60,1361.30
Cars and Taxis,East Midlands,East Midlands,Nottinghamshire,Nottinghamshire,Million vehicle kilometres,5855.20,5963.50,6019.20,5990.80,6090.30,4591.50,5248.00,5681.00,5800.10
Cars and Taxis,East Midlands,East Midlands,Rutland,Leicestershire,Million vehicle kilometres,498.30,528.90,521.60,533.60,534.90,390.50,430.60,489.40,497.30
Cars and Taxis,East Midlands,East Midlands,West Northamptonshire,Northamptonshire,Million vehicle kilometres,,,,,,,3660.80,4188.60,4300.40
Cars and Taxis,West Midlands,West Midlands All,West Midlands All,West Midlands Region,Million vehicle kilometres,39250.70,39762.00,40125.00,40190.50,40648.90,29968.50,33655.70,37936.40,39248.20
Cars and Taxis,West Midlands,Rest of West Midlands,Herefordshire,West Mercia,Million vehicle kilometres,1438.00,1441.50,1467.70,1461.90,1455.10,1097.70,1232.00,1369.50,1416.30
Cars and Taxis,West Midlands,Rest of West Midlands,Shropshire,West Mercia,Million vehicle kilometres,2427.50,2486.70,2524.90,2560.50,2587.10,1919.90,2176.50,2423.80,2515.00
Cars and Taxis,West Midlands,Rest of West Midlands,Staffordshire,Staffordshire,Million vehicle kilometres,7311.20,7462.60,7376.80,7308.70,7452.30,5362.30,6079.20,6919.30,7104.90
Cars and Taxis,West Midlands,Rest of West Midlands,Stoke-on-Trent,Staffordshire,Million vehicle kilometres,1135.70,1137.00,1126.40,1126.60,1143.00,879.20,967.80,1066.80,1100.10
Cars and Taxis,West Midlands,Rest of West Midlands,Telford and Wrekin,West Mercia,Million vehicle kilometres,1083.20,1102.30,1165.80,1205.00,1213.60,920.10,1030.60,1138.50,1181.20
Cars and Taxis,West Midlands,Rest of West Midlands,Warwickshire,Warwickshire,Million vehicle kilometres,7381.90,7447.00,7525.60,7570.70,7565.10,5227.90,5972.70,6917.30,7253.30
Cars and Taxis,West Midlands,Rest of West Midlands,Worcestershire,West Mercia,Million vehicle kilometres,5362.80,5408.50,5477.90,5466.10,5550.90,4046.00,4617.30,5245.50,5443.50
Cars and Taxis,West Midlands,West Midlands ITA,West Midlands ITA All,West Midlands,Million vehicle kilometres,13110.40,13276.40,13459.90,13490.90,13681.80,10515.30,11579.60,12855.60,13233.90
Cars and Taxis,West Midlands,West Midlands ITA,Birmingham,,Million vehicle kilometres,4682.90,4698.90,4768.90,4791.40,4878.90,3799.60,4100.10,4639.90,4746.10
Cars and Taxis,West Midlands,West Midlands ITA,Coventry,,Million vehicle kilometres,1551.10,1599.30,1612.30,1595.60,1628.00,1228.40,1374.00,1507.10,1581.40
Cars and Taxis,West Midlands,West Midlands ITA,Dudley,,Million vehicle kilometres,1353.30,1363.40,1366.60,1353.30,1364.20,1061.40,1169.40,1297.80,1345.80
Cars and Taxis,West Midlands,West Midlands ITA,Sandwell,,Million vehicle kilometres,1538.40,1567.80,1620.00,1632.80,1653.90,1334.00,1452.00,1567.90,1624.40
Cars and Taxis,West Midlands,West Midlands ITA,Solihull,,Million vehicle kilometres,1921.40,1955.70,1965.40,1982.50,1979.40,1368.60,1572.10,1774.10,1809.80
Cars and Taxis,West Midlands,West Midlands ITA,Walsall,,Million vehicle kilometres,1142.50,1154.30,1188.80,1182.80,1212.50,952.50,1071.30,1176.10,1205.90
Cars and Taxis,West Midlands,West Midlands ITA,Wolverhampton,,Million vehicle kilometres,920.90,937.00,938.00,952.50,964.80,770.80,840.60,892.70,920.50
Cars and Taxis,East of England,East of England All,East of England All,East,Million vehicle kilometres,44699.70,45323.30,46753.80,46566.80,46693.00,35477.60,39584.80,44214.80,45529.50
Cars and Taxis,East of England,East of England,Bedford,Bedfordshire,Million vehicle kilometres,1011.50,1028.50,1087.70,1065.30,1085.50,823.90,931.90,1044.10,1088.60
Cars and Taxis,East of England,East of England,Bedfordshire,Bedfordshire,Million vehicle kilometres,,,,,,,,,
Cars and Taxis,East of England,East of England,Cambridgeshire,Cambridgeshire,Million vehicle kilometres,5774.20,5868.50,6014.30,5937.30,5952.30,4467.00,4986.80,5793.30,5953.70
Cars and Taxis,East of England,East of England,Central Bedfordshire,Bedfordshire,Million vehicle kilometres,2425.80,2453.90,2513.30,2609.30,2669.10,2009.00,2201.00,2453.30,2535.90
Cars and Taxis,East of England,East of England,Essex,Essex,Million vehicle kilometres,11298.30,11411.40,11896.80,11698.30,11695.90,8896.40,9955.70,11213.50,11595.40
Cars and Taxis,East of England,East of England,Hertfordshire,Hertfordshire,Million vehicle kilometres,9361.00,9404.00,9525.80,9494.30,9425.00,7239.00,7934.80,8750.60,8963.70
Cars and Taxis,East of England,East of England,Luton,Bedfordshire,Million vehicle kilometres,652.80,653.20,664.30,672.70,667.40,501.40,558.50,627.40,648.60
Cars and Taxis,East of England,East of England,Norfolk,Norfolk,Million vehicle kilometres,6247.00,6388.00,6611.90,6710.70,6753.70,5112.10,5825.00,6390.30,6605.90
Cars and Taxis,East of England,East of England,Peterborough,Cambridgeshire,Million vehicle kilometres,1444.00,1467.60,1530.00,1534.10,1565.70,1175.60,1313.40,1485.00,1481.60
Cars and Taxis,East of England,East of England,Southend-on-Sea,Essex,Million vehicle kilometres,538.60,538.80,557.70,532.20,526.90,403.60,455.70,513.40,527.60
Cars and Taxis,East of England,East of England,Suffolk,Suffolk,Million vehicle kilometres,4708.40,4857.00,5036.10,5007.80,5052.50,3790.00,4307.00,4710.90,4859.70
Cars and Taxis,East of England,East of England,Thurrock,Essex,Million vehicle kilometres,1238.00,1252.50,1315.90,1304.80,1299.10,1059.70,1115.00,1233.00,1268.80
Cars and Taxis,London,London All,London All,London,Million vehicle kilometres,24795.30,24818.30,24780.40,24720.00,25152.30,20042.00,22504.20,23270.30,23482.00
Cars and Taxis,London,London,Barking and Dagenham,Metropolitan Police,Million vehicle kilometres,512.20,515.50,507.20,504.20,506.60,415.60,456.70,484.60,482.60
Cars and Taxis,London,London,Barnet,Metropolitan Police,Million vehicle kilometres,1404.80,1369.50,1401.60,1396.40,1421.20,1108.30,1246.40,1270.60,1291.50
Cars and Taxis,London,London,Bexley,Metropolitan Police,Million vehicle kilometres,791.30,802.80,804.50,797.20,814.10,666.10,749.20,772.60,778.20
Cars and Taxis,London,London,Brent,Metropolitan Police,Million vehicle kilometres,770.40,790.60,783.60,784.00,806.20,677.30,745.60,742.40,752.80
Cars and Taxis,London,London,Bromley,Metropolitan Police,Million vehicle kilometres,1159.90,1160.10,1155.10,1135.10,1179.60,939.60,1089.90,1117.10,1125.90
Cars and Taxis,London,London,Camden,Metropolitan Police,Million vehicle kilometres,377.20,370.80,368.40,358.60,355.40,278.60,311.30,316.10,313.30
Cars and Taxis,London,London,City of London,City of London,Million vehicle kilometres,115.40,109.60,104.80,101.10,100.90,76.10,84.10,77.50,77.10
Cars and Taxis,London,London,Croydon,Metropolitan Police,Million vehicle kilometres,1075.00,1077.10,1066.40,1061.60,1084.10,884.30,1011.60,1036.30,1052.10
Cars and Taxis,London,London,Ealing,Metropolitan Police,Million vehicle kilometres,1058.70,1045.60,1062.50,1057.20,1063.80,881.60,960.10,990.10,976.60
Cars and Taxis,London,London,Enfield,Metropolitan Police,Million vehicle kilometres,1319.30,1306.30,1303.80,1307.60,1327.50,1025.90,1193.80,1272.70,1296.20
Cars and Taxis,London,London,Greenwich,Metropolitan Police,Million vehicle kilometres,927.60,913.70,916.60,913.20,924.80,770.80,866.20,892.10,906.80
Cars and Taxis,London,London,Hackney,Metropolitan Police,Million vehicle kilometres,350.30,349.40,344.30,333.20,336.90,278.00,313.90,307.70,312.70
Cars and Taxis,London,London,Hammersmith and Fulham,Metropolitan Police,Million vehicle kilometres,382.00,385.90,380.40,386.90,388.90,290.70,331.10,345.70,342.40
Cars and Taxis,London,London,Haringey,Metropolitan Police,Million vehicle kilometres,420.90,416.50,412.90,415.80,423.50,332.60,376.00,376.20,377.10
Cars and Taxis,London,London,Harrow,Metropolitan Police,Million vehicle kilometres,542.20,540.10,535.30,528.90,545.80,420.90,493.00,510.60,517.80
Cars and Taxis,London,London,Havering,Metropolitan Police,Million vehicle kilometres,1267.20,1285.90,1297.40,1303.40,1333.30,1078.20,1197.30,1270.40,1296.20
Cars and Taxis,London,London,Hillingdon,Metropolitan Police,Million vehicle kilometres,1942.80,1975.30,1949.70,1979.80,2022.60,1560.90,1767.00,1839.80,1851.90
Cars and Taxis,London,London,Hounslow,Metropolitan Police,Million vehicle kilometres,1350.20,1369.70,1345.60,1353.70,1415.30,1035.00,1179.60,1287.30,1312.90
Cars and Taxis,London,London,Islington,Metropolitan Police,Million vehicle kilometres,286.50,286.30,282.10,274.40,275.80,217.10,244.20,250.40,250.50
Cars and Taxis,London,London,Kensington and Chelsea,Metropolitan Police,Million vehicle kilometres,370.70,369.50,362.40,375.60,383.30,300.30,326.10,340.00,342.00
Cars and Taxis,London,London,Kingston upon Thames,Metropolitan Police,Million vehicle kilometres,802.80,809.20,797.90,793.90,816.70,640.80,743.60,753.70,768.00
Cars and Taxis,London,London,Lambeth,Metropolitan Police,Million vehicle kilometres,548.70,554.70,557.60,541.10,549.90,438.90,500.70,515.00,519.70
Cars and Taxis,London,London,Lewisham,Metropolitan Police,Million vehicle kilometres,591.00,597.90,595.70,575.40,587.50,468.80,533.00,529.10,532.40
Cars and Taxis,London,London,Merton,Metropolitan Police,Million vehicle kilometres,519.80,515.30,509.20,515.70,528.10,414.60,475.90,489.50,496.70
Cars and Taxis,London,London,Newham,Metropolitan Police,Million vehicle kilometres,704.00,707.10,729.20,730.70,726.00,603.80,628.20,660.80,674.10
Cars and Taxis,London,London,Redbridge,Metropolitan Police,Million vehicle kilometres,933.60,938.10,941.90,954.50,952.10,799.40,865.70,920.20,895.30
Cars and Taxis,London,London,Richmond upon Thames,Metropolitan Police,Million vehicle kilometres,702.70,700.50,701.90,685.10,704.10,550.30,622.60,637.30,648.30
Cars and Taxis,London,London,Southwark,Metropolitan Police,Million vehicle kilometres,537.10,532.40,523.90,508.90,520.60,421.70,482.60,489.50,494.10
Cars and Taxis,London,London,Sutton,Metropolitan Police,Million vehicle kilometres,581.60,586.70,582.30,567.50,584.80,479.70,545.90,580.30,581.60
Cars and Taxis,London,London,Tower Hamlets,Metropolitan Police,Million vehicle kilometres,624.60,634.50,641.80,639.90,642.50,525.40,573.40,586.00,593.90
Cars and Taxis,London,London,Waltham Forest,Metropolitan Police,Million vehicle kilometres,607.50,610.30,612.60,651.80,642.60,541.60,588.30,591.90,601.60
Cars and Taxis,London,London,Wandsworth,Metropolitan Police,Million vehicle kilometres,586.20,572.10,593.40,589.40,606.60,482.90,533.60,537.30,535.60
Cars and Taxis,London,London,Westminster,Metropolitan Police,Million vehicle kilometres,631.10,619.60,608.40,598.10,581.30,436.00,467.90,479.40,484.10
Cars and Taxis,South East,South East All,South East All,South East,Million vehicle kilometres,68188.70,69020.20,69443.60,69016.60,69540.50,51265.20,56785.60,63279.30,65329.00
Cars and Taxis,South East,South East,Bracknell Forest,Thames Valley,Million vehicle kilometres,584.30,585.70,588.30,605.10,618.20,452.80,495.80,559.90,572.50
Cars and Taxis,South East,South East,Brighton and Hove,Sussex,Million vehicle kilometres,1030.90,1033.00,1043.90,1021.30,1023.40,774.90,858.40,936.40,948.30
Cars and Taxis,South East,South East,Buckinghamshire,Thames Valley,Million vehicle kilometres,5114.00,5282.50,5326.90,5236.50,5230.30,3943.20,4316.90,4882.50,5023.90
Cars and Taxis,South East,South East,East Sussex,Sussex,Million vehicle kilometres,3355.30,3417.70,3438.60,3410.80,3477.10,2697.50,2935.30,3156.30,3244.80
Cars and Taxis,South East,South East,Hampshire,Hampshire,Million vehicle kilometres,12166.00,12360.50,12528.40,12403.10,12571.20,9231.40,10396.80,11373.40,11796.50
Cars and Taxis,South East,South East,Isle of Wight,Hampshire,Million vehicle kilometres,514.50,520.30,524.60,534.60,540.00,409.40,451.30,492.40,512.00
Cars and Taxis,South East,South East,Kent,Kent,Million vehicle kilometres,11291.30,11451.10,11539.30,11582.80,11649.60,8844.60,9764.90,10812.70,11163.40
Cars and Taxis,South East,South East,Medway,Kent,Million vehicle kilometres,1098.80,1105.70,1110.90,1103.70,1115.00,888.30,962.10,1044.10,1065.80
Cars and Taxis,South East,South East,Milton Keynes,Thames Valley,Million vehicle kilometres,1912.30,1959.80,1999.10,1982.60,2028.10,1455.90,1610.90,1780.10,1829.60
Cars and Taxis,South East,South East,Oxfordshire,Thames Valley,Million vehicle kilometres,5996.20,6102.80,6125.00,6089.00,6212.40,4361.20,4965.10,5550.40,5731.90
Cars and Taxis,South East,South East,Portsmouth,Hampshire,Million vehicle kilometres,977.10,985.70,989.90,970.50,984.50,741.40,846.10,959.90,969.00
Cars and Taxis,South East,South East,Reading,Thames Valley,Million vehicle kilometres,493.90,497.10,495.80,492.30,493.70,374.00,402.70,455.40,464.60
Cars and Taxis,South East,South East,Slough,Thames Valley,Million vehicle kilometres,686.30,673.20,664.50,667.50,650.30,449.00,480.50,561.20,588.70
Cars and Taxis,South East,South East,Southampton,Hampshire,Million vehicle kilometres,817.60,817.80,829.90,847.60,831.20,630.50,685.50,761.90,777.20
Cars and Taxis,South East,South East,Surrey,Surrey,Million vehicle kilometres,11228.00,11130.70,11149.00,11119.60,11068.50,8200.60,8974.60,10169.20,10460.30
Cars and Taxis,South East,South East,West Berkshire,Thames Valley,Million vehicle kilometres,2414.20,2426.10,2484.80,2425.40,2470.40,1538.90,1746.50,2118.30,2187.10
Cars and Taxis,South East,South East,West Sussex,Sussex,Million vehicle kilometres,5585.40,5728.80,5749.40,5700.20,5752.80,4360.80,4822.30,5187.40,5369.70
Cars and Taxis,South East,South East,Windsor and Maidenhead,Thames Valley,Million vehicle kilometres,1531.70,1542.30,1497.20,1495.70,1501.40,985.00,1101.70,1293.50,1369.20
Cars and Taxis,South East,South East,Wokingham,Thames Valley,Million vehicle kilometres,1390.70,1399.30,1358.30,1328.30,1322.50,925.80,968.30,1184.20,1254.80
Cars and Taxis,South West,South West All,South West All,South West,Million vehicle kilometres,41990.80,43255.60,44530.50,44534.60,45540.80,33733.00,38485.00,41541.00,42761.00
Cars and Taxis,South West,South West,Bath and North East Somerset,Avon and Somerset,Million vehicle kilometres,987.70,999.80,1004.60,994.50,1008.70,772.80,856.10,919.20,940.20
Cars and Taxis,South West,South West,Bournemouth,Dorset,Million vehicle kilometres,690.80,709.20,721.20,709.60,,,,,
Cars and Taxis,South West,South West,"Bournemouth,Christchurch and Poole",Dorset,Million vehicle kilometres,,,,,1752.90,1354.40,1510.00,1604.10,1646.60
Cars and Taxis,South West,South West,Bristol,Avon and Somerset,Million vehicle kilometres,1885.90,1926.70,1961.80,1938.60,1943.90,1487.20,1662.70,1787.60,1822.40
Cars and Taxis,South West,South West,Cornwall,Devon and Cornwall,Million vehicle kilometres,3868.40,4056.60,4301.20,4303.80,4403.30,3301.30,3776.50,4049.80,4198.40
Cars and Taxis,South West,South West,Devon,Devon and Cornwall,Million vehicle kilometres,6602.40,6870.10,7228.60,7235.90,7454.70,5456.70,6459.90,6998.20,7140.00
Cars and Taxis,South West,South West,Dorset,Dorset,Million vehicle kilometres,,,,,3291.00,2451.30,2813.40,2922.30,3020.50
Cars and Taxis,South West,South West,Dorset,Dorset,Million vehicle kilometres,3308.10,3418.50,3524.00,3510.00,,,,,
Cars and Taxis,South West,South West,Gloucestershire,Gloucestershire,Million vehicle kilometres,5416.90,5487.50,5526.80,5515.60,5699.50,4082.10,4699.00,5211.70,5352.50
Cars and Taxis,South West,South West,Isles of Scilly,Devon and Cornwall,Million vehicle kilometres,1.40,1.40,1.50,1.50,1.30,1.00,1.20,1.30,1.30
Cars and Taxis,South West,South West,North Somerset,Avon and Somerset,Million vehicle kilometres,1913.70,2044.30,2055.00,2132.30,2165.10,1606.50,1814.60,1960.90,2022.50
Cars and Taxis,South West,South West,Plymouth,Devon and Cornwall,Million vehicle kilometres,1178.10,1209.80,1232.40,1221.50,1266.10,986.10,1109.30,1258.30,1297.10
Cars and Taxis,South West,South West,Poole,Dorset,Million vehicle kilometres,711.00,717.90,734.80,727.30,,,,,
Cars and Taxis,South West,South West,Somerset,Avon and Somerset,Million vehicle kilometres,5272.20,5456.20,5754.60,5766.80,5888.40,4384.00,4961.70,5350.10,5518.80
Cars and Taxis,South West,South West,South Gloucestershire,Avon and Somerset,Million vehicle kilometres,3205.40,3266.20,3290.20,3295.70,3353.40,2450.40,2800.70,3053.70,3152.30
Cars and Taxis,South West,South West,Swindon,Wiltshire,Million vehicle kilometres,1698.40,1706.60,1740.30,1724.90,1753.70,1270.10,1392.70,1468.90,1527.90
Cars and Taxis,South West,South West,Torbay,Devon and Cornwall,Million vehicle kilometres,548.80,563.80,574.00,575.60,574.50,450.30,500.80,549.00,554.70
Cars and Taxis,South West,South West,Wiltshire,Wiltshire,Million vehicle kilometres,4701.30,4821.00,4879.40,4881.20,4984.30,3678.80,4126.40,4405.90,4565.90
Cars and Taxis,Wales,Wales All,Wales All,WALES,Million vehicle kilometres,22706.80,23547.60,23482.20,23755.70,24039.20,17649.40,19928.50,22238.40,22955.40
Cars and Taxis,Wales,Wales,Blaenau Gwent,Gwent,Million vehicle kilometres,347.20,358.10,336.60,339.50,345.30,259.10,288.60,320.40,326.50
Cars and Taxis,Wales,Wales,Bridgend,South Wales,Million vehicle kilometres,1084.00,1119.60,1119.30,1142.50,1160.70,864.30,970.70,1062.30,1099.50
Cars and Taxis,Wales,Wales,Caerphilly,Gwent,Million vehicle kilometres,959.00,978.00,962.80,965.40,979.80,756.50,842.20,907.70,933.60
Cars and Taxis,Wales,Wales,Cardiff,South Wales,Million vehicle kilometres,2448.30,2506.00,2469.10,2578.20,2652.20,1973.60,2211.90,2477.50,2562.70
Cars and Taxis,Wales,Wales,Carmarthenshire,Dyfed-Powys,Million vehicle kilometres,1494.10,1576.90,1569.50,1569.60,1567.60,1146.70,1285.00,1442.40,1494.40
Cars and Taxis,Wales,Wales,Ceredigion,Dyfed-Powys,Million vehicle kilometres,555.40,593.80,591.30,591.00,589.20,440.70,485.00,530.10,539.80
Cars and Taxis,Wales,Wales,Conwy,North Wales,Million vehicle kilometres,904.90,980.30,1002.20,1015.50,1021.40,684.50,810.90,985.30,978.20
Cars and Taxis,Wales,Wales,Denbighshire,North Wales,Million vehicle kilometres,686.80,729.90,736.70,737.20,738.30,503.00,568.00,666.40,688.60
Cars and Taxis,Wales,Wales,Flintshire,North Wales,Million vehicle kilometres,1317.30,1374.80,1407.40,1408.50,1423.90,1036.10,1185.80,1297.70,1350.80
Cars and Taxis,Wales,Wales,Gwynedd,North Wales,Million vehicle kilometres,1022.30,1055.20,1081.50,1080.50,1084.30,779.90,879.80,998.30,1031.90
Cars and Taxis,Wales,Wales,Isle of Anglesey,North Wales,Million vehicle kilometres,492.20,507.50,511.80,514.20,514.10,387.00,434.40,476.00,486.20
Cars and Taxis,Wales,Wales,Merthyr Tydfil,South Wales,Million vehicle kilometres,331.10,340.80,330.80,337.60,341.90,248.50,303.70,340.70,357.20
Cars and Taxis,Wales,Wales,Monmouthshire,Gwent,Million vehicle kilometres,1079.70,1126.10,1135.20,1142.40,1163.50,816.80,922.20,1046.10,1126.50
Cars and Taxis,Wales,Wales,Neath Port Talbot,South Wales,Million vehicle kilometres,1106.60,1108.50,1112.90,1132.70,1148.30,836.10,952.50,1048.70,1071.00
Cars and Taxis,Wales,Wales,Newport,Gwent,Million vehicle kilometres,1528.30,1562.20,1567.30,1568.00,1577.90,1148.60,1298.00,1461.40,1498.60
Cars and Taxis,Wales,Wales,Pembrokeshire,Dyfed-Powys,Million vehicle kilometres,827.70,872.90,866.20,872.20,881.20,650.00,716.60,806.80,823.20
Cars and Taxis,Wales,Wales,Powys,Dyfed-Powys,Million vehicle kilometres,1159.60,1221.60,1222.90,1212.60,1230.50,898.30,997.50,1099.60,1139.70
Cars and Taxis,Wales,Wales,Rhondda Cynon Taf,South Wales,Million vehicle kilometres,1752.20,1788.10,1731.50,1769.40,1794.10,1317.60,1484.90,1650.60,1730.00
Cars and Taxis,Wales,Wales,Swansea,South Wales,Million vehicle kilometres,1427.60,1460.30,1466.60,1476.20,1505.10,1158.00,1312.10,1423.20,1449.00
Cars and Taxis,Wales,Wales,The Vale of Glamorgan,South Wales,Million vehicle kilometres,877.20,909.10,892.20,902.50,906.70,691.30,772.30,837.20,878.00
Cars and Taxis,Wales,Wales,Torfaen,Gwent,Million vehicle kilometres,512.70,533.10,519.60,547.90,557.20,429.80,498.40,544.80,563.50
Cars and Taxis,Wales,Wales,Wrexham,North Wales,Million vehicle kilometres,792.50,844.70,848.90,852.00,855.90,623.00,707.90,815.10,826.40
Light Commercial Vehicles,Great Britain,Great Britain All,Great Britain All,,Million vehicle kilometres,76982.70,81737.10,83927.70,84903.60,86053.70,78172.80,87510.50,92559.60,92993.30
Light Commercial Vehicles,England,England All,England All,ENGLAND,Million vehicle kilometres,65452.20,69226.80,70708.50,71568.60,72635.80,66296.70,73628.60,77743.40,78129.50
Light Commercial Vehicles,Wales,Wales All,Wales All,WALES,Million vehicle kilometres,4464.80,4788.80,4962.10,5116.60,5140.80,4478.40,5137.30,5483.80,5374.90
Light Commercial Vehicles,England and Wales,England and Wales All,England and Wales All,ENGLAND AND WALES,Million vehicle kilometres,69917.00,74015.60,75670.60,76685.20,77776.60,70775.10,78765.90,83227.20,83504.40
Light Commercial Vehicles,North East,North East All,North East All,North East,Million vehicle kilometres,2705.80,2881.30,2973.20,3061.10,3111.00,2915.60,3195.20,3358.30,3410.00
Light Commercial Vehicles,North East,Rest of North East,County Durham,Durham,Million vehicle kilometres,660.60,694.10,711.60,732.80,749.00,691.50,774.50,824.90,847.30
Light Commercial Vehicles,North East,Rest of North East,Darlington,Durham,Million vehicle kilometres,115.80,118.50,121.30,122.10,124.00,120.30,132.10,133.20,134.90
Light Commercial Vehicles,North East,Rest of North East,Hartlepool,Cleveland,Million vehicle kilometres,83.70,90.10,89.60,93.00,95.40,90.40,97.70,105.80,109.10
Light Commercial Vehicles,North East,Rest of North East,Middlesbrough,Cleveland,Million vehicle kilometres,144.40,153.30,164.60,168.80,168.20,157.20,174.30,191.70,191.50
Light Commercial Vehicles,North East,Rest of North East,Northumberland,Northumbria,Million vehicle kilometres,445.70,483.30,512.10,530.20,542.50,494.80,550.10,578.10,594.70
Light Commercial Vehicles,North East,Rest of North East,Redcar and Cleveland,Cleveland,Million vehicle kilometres,113.40,124.50,129.80,136.00,137.10,131.50,141.00,143.90,145.50
Light Commercial Vehicles,North East,Rest of North East,Stockton-on-Tees,Cleveland,Million vehicle kilometres,190.60,204.80,205.00,212.00,218.70,197.90,223.70,225.50,224.00
Light Commercial Vehicles,North East,Tyne and Wear ITA,Tyne and Wear ITA All,Northumbria,Million vehicle kilometres,951.60,1012.80,1039.10,1066.20,1076.10,1031.90,1101.70,1155.20,1162.90
Light Commercial Vehicles,North East,Tyne and Wear ITA,Gateshead,,Million vehicle kilometres,232.60,247.10,265.30,274.60,285.50,274.70,294.00,297.40,291.70
Light Commercial Vehicles,North East,Tyne and Wear ITA,Newcastle upon Tyne,,Million vehicle kilometres,222.60,232.10,239.30,244.70,245.50,233.60,249.20,250.90,256.40
Light Commercial Vehicles,North East,Tyne and Wear ITA,North Tyneside,,Million vehicle kilometres,161.50,173.40,172.70,174.70,175.90,172.30,182.60,196.30,198.30
Light Commercial Vehicles,North East,Tyne and Wear ITA,South Tyneside,,Million vehicle kilometres,99.80,108.00,106.50,108.80,109.80,104.60,113.20,129.60,131.90
Light Commercial Vehicles,North East,Tyne and Wear ITA,Sunderland,,Million vehicle kilometres,235.10,252.30,255.40,263.30,259.50,246.70,262.70,281.00,284.50
Light Commercial Vehicles,North West,North West All,North West All,North West,Million vehicle kilometres,8043.10,8270.80,8334.60,8472.20,8713.30,8153.70,9057.00,9608.40,9690.50
Light Commercial Vehicles,North West,Rest of North West,Blackburn with Darwen,Lancashire,Million vehicle kilometres,100.20,101.20,97.90,103.10,105.20,94.10,106.00,111.60,110.50
Light Commercial Vehicles,North West,Rest of North West,Blackpool,Lancashire,Million vehicle kilometres,73.10,73.80,72.10,71.40,70.60,66.20,71.20,71.80,72.70
Light Commercial Vehicles,North West,Rest of North West,Cheshire,Cheshire,Million vehicle kilometres,,,,,,,,,
Light Commercial Vehicles,North West,Rest of North West,Cheshire East,Cheshire,Million vehicle kilometres,614.30,630.10,632.00,650.70,694.50,657.40,742.60,806.80,815.10
Light Commercial Vehicles,North West,Rest of North West,Cheshire West and Chester,Cheshire,Million vehicle kilometres,514.00,535.00,531.60,547.40,567.80,519.50,593.30,646.40,654.30
Light Commercial Vehicles,North West,Rest of North West,Cumberland,Cumbria,Million vehicle kilometres,,,,,,,,,463.20
Light Commercial Vehicles,North West,Rest of North West,Cumbria,Cumbria,Million vehicle kilometres,909.30,955.80,990.20,997.60,1035.40,927.40,1030.90,1130.60,
Light Commercial Vehicles,North West,Rest of North West,Halton,Cheshire,Million vehicle kilometres,133.80,138.80,136.20,153.10,153.80,142.80,155.70,158.80,157.60
Light Commercial Vehicles,North West,Rest of North West,Lancashire,Lancashire,Million vehicle kilometres,1631.10,1682.50,1690.10,1725.70,1812.40,1656.30,1855.30,1987.50,1989.70
Light Commercial Vehicles,North West,Rest of North West,Warrington,Chesire,Million vehicle kilometres,355.50,379.80,382.50,394.10,404.30,385.10,432.30,461.70,470.00
Light Commercial Vehicles,North West,Rest of North West,Westmorland and Furness,Cumbria,Million vehicle kilometres,,,,,,,,,707.20
Light Commercial Vehicles,North West,Greater Manchester ITA,Greater Manchester ITA All,Greater Manchester,Million vehicle kilometres,2581.60,2621.50,2621.90,2654.40,2706.10,2600.70,2864.30,2963.00,2980.40
Light Commercial Vehicles,North West,Greater Manchester ITA,Bolton,,Million vehicle kilometres,302.10,298.00,301.90,303.10,304.30,291.80,318.80,329.30,332.10
Light Commercial Vehicles,North West,Greater Manchester ITA,Bury,,Million vehicle kilometres,238.90,245.80,243.40,249.50,258.80,246.40,280.10,277.90,278.30
Light Commercial Vehicles,North West,Greater Manchester ITA,Manchester,,Million vehicle kilometres,350.30,354.50,358.60,362.50,365.00,343.70,377.10,384.80,381.90
Light Commercial Vehicles,North West,Greater Manchester ITA,Oldham,,Million vehicle kilometres,169.10,169.80,168.50,170.60,171.20,163.50,177.50,184.90,185.50
Light Commercial Vehicles,North West,Greater Manchester ITA,Rochdale,,Million vehicle kilometres,247.80,258.00,255.10,264.60,276.70,263.70,293.10,311.50,322.10
Light Commercial Vehicles,North West,Greater Manchester ITA,Salford,,Million vehicle kilometres,340.10,348.80,341.10,339.70,346.40,340.00,380.60,400.40,409.90
Light Commercial Vehicles,North West,Greater Manchester ITA,Stockport,,Million vehicle kilometres,260.70,263.70,265.10,268.50,286.20,279.10,297.80,304.90,304.90
Light Commercial Vehicles,North West,Greater Manchester ITA,Tameside,,Million vehicle kilometres,179.60,186.70,184.90,184.70,183.80,178.40,196.80,200.40,203.70
Light Commercial Vehicles,North West,Greater Manchester ITA,Trafford,,Million vehicle kilometres,205.20,204.40,205.20,207.60,213.90,202.50,220.10,232.00,232.50
Light Commercial Vehicles,North West,Greater Manchester ITA,Wigan,,Million vehicle kilometres,287.70,291.70,298.20,303.70,300.00,291.60,322.40,337.00,329.60
Light Commercial Vehicles,North West,Merseyside ITA,Merseyside ITA All,Merseyside,Million vehicle kilometres,1130.00,1152.20,1180.10,1174.60,1163.20,1104.30,1205.40,1270.30,1269.90
Light Commercial Vehicles,North West,Merseyside ITA,Knowsley,,Million vehicle kilometres,222.40,225.90,238.20,239.30,241.70,244.10,261.90,279.10,269.50
Light Commercial Vehicles,North West,Merseyside ITA,Liverpool,,Million vehicle kilometres,306.00,310.90,321.70,317.30,307.50,289.30,313.90,319.70,319.80
Light Commercial Vehicles,North West,Merseyside ITA,Sefton,,Million vehicle kilometres,167.30,169.40,169.80,170.80,169.10,156.40,175.00,183.70,185.10
Light Commercial Vehicles,North West,Merseyside ITA,St. Helens,,Million vehicle kilometres,200.20,206.70,209.50,209.60,208.20,193.00,209.50,233.70,236.40
Light Commercial Vehicles,North West,Merseyside ITA,Wirral,,Million vehicle kilometres,234.10,239.20,240.90,237.50,236.70,221.40,245.00,254.20,259.20
Light Commercial Vehicles,Yorkshire and The Humber,Yorkshire and The Humber All,Yorkshire and The Humber All,Yorkshire and The Humber,Million vehicle kilometres,6721.50,7151.40,7172.10,7177.50,7364.50,6698.40,7420.80,7614.70,7701.90
Light Commercial Vehicles,Yorkshire and The Humber,Rest of Yorkshire and The Humber,East Riding of Yorkshire,Humberside,Million vehicle kilometres,540.20,580.20,593.40,592.20,617.40,553.50,612.60,646.60,659.90
Light Commercial Vehicles,Yorkshire and The Humber,Rest of Yorkshire and The Humber,Kingston upon Hull,Humberside,Million vehicle kilometres,182.80,195.10,193.00,195.70,203.50,183.30,193.60,195.20,195.50
Light Commercial Vehicles,Yorkshire and The Humber,Rest of Yorkshire and The Humber,North East Lincolnshire,Humberside,Million vehicle kilometres,155.90,167.30,161.30,161.40,162.70,146.50,157.50,161.20,160.60
Light Commercial Vehicles,Yorkshire and The Humber,Rest of Yorkshire and The Humber,North Lincolnshire,Humberside,Million vehicle kilometres,303.70,311.40,314.80,316.90,324.00,295.10,326.10,331.40,334.10
Light Commercial Vehicles,Yorkshire and The Humber,Rest of Yorkshire and The Humber,North Yorkshire,North Yorkshire,Million vehicle kilometres,1297.40,1391.30,1408.30,1413.90,1439.40,1310.10,1474.20,1510.50,1538.70
Light Commercial Vehicles,Yorkshire and The Humber,Rest of Yorkshire and The Humber,York,North Yorkshire,Million vehicle kilometres,180.00,193.80,194.80,198.00,200.20,178.40,194.20,202.60,207.60
Light Commercial Vehicles,Yorkshire and The Humber,South Yorkshire ITA,South Yorkshire ITA All,South Yorkshire,Million vehicle kilometres,1648.70,1742.50,1759.90,1798.50,1849.70,1716.60,1886.10,1915.40,1942.50
Light Commercial Vehicles,Yorkshire and The Humber,South Yorkshire ITA,Barnsley,,Million vehicle kilometres,318.30,330.40,337.30,348.10,359.40,334.50,367.80,376.40,377.40
Light Commercial Vehicles,Yorkshire and The Humber,South Yorkshire ITA,Doncaster,,Million vehicle kilometres,518.50,553.50,565.30,576.20,586.60,548.40,609.40,604.70,617.30
Light Commercial Vehicles,Yorkshire and The Humber,South Yorkshire ITA,Rotherham,,Million vehicle kilometres,378.30,399.40,402.50,415.30,437.00,405.30,446.40,453.20,462.30
Light Commercial Vehicles,Yorkshire and The Humber,South Yorkshire ITA,Sheffield,,Million vehicle kilometres,433.60,459.20,454.80,458.90,466.70,428.40,462.50,481.10,485.50
Light Commercial Vehicles,Yorkshire and The Humber,West Yorkshire ITA,West Yorkshire ITA All,West Yorkshire,Million vehicle kilometres,2412.80,2569.70,2546.70,2500.80,2567.70,2314.90,2576.50,2651.80,2662.90
Light Commercial Vehicles,Yorkshire and The Humber,West Yorkshire ITA,Bradford,,Million vehicle kilometres,384.00,398.10,391.90,388.50,399.10,364.90,386.10,378.00,378.00
Light Commercial Vehicles,Yorkshire and The Humber,West Yorkshire ITA,Calderdale,,Million vehicle kilometres,237.80,255.30,250.90,251.80,258.10,227.30,254.20,270.40,260.20
Light Commercial Vehicles,Yorkshire and The Humber,West Yorkshire ITA,Kirklees,,Million vehicle kilometres,436.70,455.60,436.50,422.90,443.20,402.00,448.30,470.30,466.50
Light Commercial Vehicles,Yorkshire and The Humber,West Yorkshire ITA,Leeds,,Million vehicle kilometres,926.90,998.10,1002.80,978.60,996.60,905.80,1017.20,1055.20,1058.90
Light Commercial Vehicles,Yorkshire and The Humber,West Yorkshire ITA,Wakefield,,Million vehicle kilometres,427.30,462.60,464.50,459.00,470.60,414.90,470.70,477.90,499.40
Light Commercial Vehicles,East Midlands,East Midlands All,East Midlands All,East Midlands,Million vehicle kilometres,6577.50,6729.70,6867.80,6950.40,7096.00,6467.70,7364.70,7846.00,7894.10
Light Commercial Vehicles,East Midlands,East Midlands,Derby,Derbyshire,Million vehicle kilometres,205.80,199.40,190.30,195.90,197.20,189.20,200.70,216.30,215.90
Light Commercial Vehicles,East Midlands,East Midlands,Derbyshire,Derbyshire,Million vehicle kilometres,1142.10,1192.00,1195.30,1214.20,1249.70,1136.60,1304.70,1400.00,1409.40
Light Commercial Vehicles,East Midlands,East Midlands,Leicester,Leicestershire,Million vehicle kilometres,208.00,203.60,192.80,192.70,195.40,187.70,194.60,215.50,218.10
Light Commercial Vehicles,East Midlands,East Midlands,Leicestershire,Leicestershire,Million vehicle kilometres,1176.70,1220.70,1260.30,1265.30,1308.50,1196.20,1365.30,1443.80,1458.30
Light Commercial Vehicles,East Midlands,East Midlands,Lincolnshire,Lincolnshire,Million vehicle kilometres,1065.80,1107.20,1161.20,1161.00,1178.20,1049.30,1195.10,1291.90,1288.60
Light Commercial Vehicles,East Midlands,East Midlands,North Northamptonshire,Northamptonshire,Million vehicle kilometres,,,,,,,574.00,590.70,596.90
Light Commercial Vehicles,East Midlands,East Midlands,Northamptonshire,Northamptonshire,Million vehicle kilometres,1303.10,1327.70,1376.10,1415.30,1432.60,1301.00,,,
Light Commercial Vehicles,East Midlands,East Midlands,Nottingham,Nottinghamshire,Million vehicle kilometres,231.10,225.80,216.50,225.70,227.90,214.90,228.90,247.70,244.50
Light Commercial Vehicles,East Midlands,East Midlands,Nottinghamshire,Nottinghamshire,Million vehicle kilometres,1143.80,1148.60,1166.70,1170.90,1196.00,1090.00,1254.50,1304.40,1313.30
Light Commercial Vehicles,East Midlands,East Midlands,Rutland,Leicestershire,Million vehicle kilometres,101.00,104.60,108.70,109.40,110.50,102.90,112.10,116.30,117.00
Light Commercial Vehicles,East Midlands,East Midlands,West Northamptonshire,Northamptonshire,Million vehicle kilometres,,,,,,,934.80,1019.50,1032.30
Light Commercial Vehicles,West Midlands,West Midlands All,West Midlands All,West Midlands Region,Million vehicle kilometres,7177.60,7675.50,7794.30,8022.90,8040.30,7175.60,8038.00,8499.80,8513.90
Light Commercial Vehicles,West Midlands,Rest of West Midlands,Herefordshire,West Mercia,Million vehicle kilometres,347.80,378.70,384.80,397.40,390.50,341.10,387.00,415.80,417.70
Light Commercial Vehicles,West Midlands,Rest of West Midlands,Shropshire,West Mercia,Million vehicle kilometres,543.90,592.90,610.40,636.00,635.00,552.00,635.20,682.80,686.70
Light Commercial Vehicles,West Midlands,Rest of West Midlands,Staffordshire,Staffordshire,Million vehicle kilometres,1313.70,1416.40,1424.20,1472.40,1487.60,1330.30,1530.40,1608.00,1614.00
Light Commercial Vehicles,West Midlands,Rest of West Midlands,Stoke-on-Trent,Staffordshire,Million vehicle kilometres,193.50,199.60,202.30,203.90,202.70,183.70,200.30,206.10,205.10
Light Commercial Vehicles,West Midlands,Rest of West Midlands,Telford and Wrekin,West Mercia,Million vehicle kilometres,206.50,226.90,237.60,250.90,247.30,217.10,243.30,251.30,251.50
Light Commercial Vehicles,West Midlands,Rest of West Midlands,Warwickshire,Warwickshire,Million vehicle kilometres,1248.20,1361.90,1380.70,1440.30,1438.60,1264.80,1466.80,1574.30,1612.20
Light Commercial Vehicles,West Midlands,Rest of West Midlands,Worcestershire,West Mercia,Million vehicle kilometres,992.60,1069.70,1071.30,1089.40,1104.40,991.90,1137.50,1226.80,1232.40
Light Commercial Vehicles,West Midlands,West Midlands ITA,West Midlands ITA All,West Midlands,Million vehicle kilometres,2331.50,2429.40,2483.10,2532.70,2534.20,2294.70,2437.50,2534.70,2494.20
Light Commercial Vehicles,West Midlands,West Midlands ITA,Birmingham,,Million vehicle kilometres,775.60,805.70,815.30,837.80,842.80,758.10,797.00,839.40,803.50
Light Commercial Vehicles,West Midlands,West Midlands ITA,Coventry,,Million vehicle kilometres,236.20,250.70,257.50,258.40,259.00,228.10,254.50,262.90,262.20
Light Commercial Vehicles,West Midlands,West Midlands ITA,Dudley,,Million vehicle kilometres,271.40,277.70,279.70,279.00,278.00,244.40,260.70,270.40,273.40
Light Commercial Vehicles,West Midlands,West Midlands ITA,Sandwell,,Million vehicle kilometres,335.50,350.50,364.70,372.70,370.50,339.60,357.50,366.90,371.80
Light Commercial Vehicles,West Midlands,West Midlands ITA,Solihull,,Million vehicle kilometres,301.10,319.30,327.50,340.60,335.50,323.90,327.20,349.30,340.10
Light Commercial Vehicles,West Midlands,West Midlands ITA,Walsall,,Million vehicle kilometres,228.90,239.50,248.80,250.40,256.30,234.00,261.70,269.00,268.90
Light Commercial Vehicles,West Midlands,West Midlands ITA,Wolverhampton,,Million vehicle kilometres,182.90,186.10,189.60,193.70,192.20,166.50,178.90,176.90,174.40
Light Commercial Vehicles,East of England,East of England All,East of England All,East,Million vehicle kilometres,9007.10,9383.50,9917.00,10020.40,10121.90,9451.80,10543.20,11178.70,11250.50
Light Commercial Vehicles,East of England,East of England,Bedford,Bedfordshire,Million vehicle kilometres,190.20,198.50,211.60,212.30,213.00,190.50,219.80,239.40,241.10
Light Commercial Vehicles,East of England,East of England,Bedfordshire,Bedfordshire,Million vehicle kilometres,,,,,,,,,
Light Commercial Vehicles,East of England,East of England,Cambridgeshire,Cambridgeshire,Million vehicle kilometres,1152.30,1227.80,1290.50,1294.90,1283.70,1207.20,1386.60,1470.20,1475.70
Light Commercial Vehicles,East of England,East of England,Central Bedfordshire,Bedfordshire,Million vehicle kilometres,473.40,488.00,515.90,543.40,539.50,501.10,565.30,613.70,620.90
Light Commercial Vehicles,East of England,East of England,Essex,Essex,Million vehicle kilometres,2396.70,2491.10,2625.80,2657.90,2716.10,2572.50,2823.40,2967.60,3023.90
Light Commercial Vehicles,East of England,East of England,Hertfordshire,Hertfordshire,Million vehicle kilometres,1744.60,1776.40,1848.10,1880.60,1896.50,1815.70,2002.10,2157.20,2146.40
Light Commercial Vehicles,East of England,East of England,Luton,Bedfordshire,Million vehicle kilometres,108.40,106.90,116.00,116.60,113.30,105.00,112.40,122.50,122.90
Light Commercial Vehicles,East of England,East of England,Norfolk,Norfolk,Million vehicle kilometres,1301.00,1369.70,1456.90,1466.80,1512.00,1360.20,1547.20,1629.90,1637.70
Light Commercial Vehicles,East of England,East of England,Peterborough,Cambridgeshire,Million vehicle kilometres,256.40,269.50,294.80,294.00,293.80,268.50,296.40,325.90,306.30
Light Commercial Vehicles,East of England,East of England,Southend-on-Sea,Essex,Million vehicle kilometres,92.10,91.60,97.60,91.40,88.30,81.10,86.60,91.70,92.90
Light Commercial Vehicles,East of England,East of England,Suffolk,Suffolk,Million vehicle kilometres,1033.90,1095.50,1166.40,1163.10,1167.90,1061.80,1202.50,1238.30,1254.30
Light Commercial Vehicles,East of England,East of England,Thurrock,Essex,Million vehicle kilometres,258.10,268.50,293.30,299.20,297.80,288.10,300.90,322.40,328.30
Light Commercial Vehicles,London,London All,London All,London,Million vehicle kilometres,4538.60,5189.20,5259.50,5246.30,5253.60,4630.90,4808.40,4879.40,4811.20
Light Commercial Vehicles,London,London,Barking and Dagenham,Metropolitan Police,Million vehicle kilometres,87.90,105.60,107.60,106.70,106.00,98.40,99.50,104.60,103.00
Light Commercial Vehicles,London,London,Barnet,Metropolitan Police,Million vehicle kilometres,248.00,267.30,283.40,288.00,289.70,248.10,266.90,267.20,265.50
Light Commercial Vehicles,London,London,Bexley,Metropolitan Police,Million vehicle kilometres,149.90,166.80,169.50,163.00,164.50,153.80,159.10,158.50,157.80
Light Commercial Vehicles,London,London,Brent,Metropolitan Police,Million vehicle kilometres,133.70,158.90,157.40,157.10,159.80,148.00,153.10,148.50,145.10
Light Commercial Vehicles,London,London,Bromley,Metropolitan Police,Million vehicle kilometres,204.10,237.00,237.40,228.20,234.70,201.30,211.80,211.60,210.00
Light Commercial Vehicles,London,London,Camden,Metropolitan Police,Million vehicle kilometres,76.10,85.10,86.20,83.90,82.60,71.50,73.90,74.40,71.80
Light Commercial Vehicles,London,London,City of London,City of London,Million vehicle kilometres,25.40,27.40,27.30,27.30,28.40,23.90,24.90,23.60,23.30
Light Commercial Vehicles,London,London,Croydon,Metropolitan Police,Million vehicle kilometres,187.60,218.70,216.60,209.50,211.10,186.10,194.90,195.00,192.70
Light Commercial Vehicles,London,London,Ealing,Metropolitan Police,Million vehicle kilometres,187.60,212.30,218.60,219.40,218.80,196.90,202.80,201.90,189.70
Light Commercial Vehicles,London,London,Enfield,Metropolitan Police,Million vehicle kilometres,255.70,288.50,289.50,300.40,302.10,268.20,238.70,312.70,319.40
Light Commercial Vehicles,London,London,Greenwich,Metropolitan Police,Million vehicle kilometres,183.80,205.30,210.10,208.90,206.40,189.10,198.20,201.50,202.80
Light Commercial Vehicles,London,London,Hackney,Metropolitan Police,Million vehicle kilometres,73.00,83.70,83.00,81.90,83.00,72.80,76.60,75.50,75.20
Light Commercial Vehicles,London,London,Hammersmith and Fulham,Metropolitan Police,Million vehicle kilometres,75.70,85.90,88.10,89.40,87.20,73.60,77.30,78.30,74.60
Light Commercial Vehicles,London,London,Haringey,Metropolitan Police,Million vehicle kilometres,79.50,91.80,91.90,91.80,94.80,80.80,84.50,82.80,81.10
Light Commercial Vehicles,London,London,Harrow,Metropolitan Police,Million vehicle kilometres,80.20,94.30,94.30,90.60,92.70,78.00,83.90,84.70,84.30
Light Commercial Vehicles,London,London,Havering,Metropolitan Police,Million vehicle kilometres,248.70,289.40,301.70,305.00,311.30,299.80,314.70,305.80,300.90
Light Commercial Vehicles,London,London,Hillingdon,Metropolitan Police,Million vehicle kilometres,320.20,364.90,357.50,355.50,351.00,309.30,329.70,319.90,312.00
Light Commercial Vehicles,London,London,Hounslow,Metropolitan Police,Million vehicle kilometres,215.40,247.20,247.10,249.50,254.50,206.80,223.20,222.70,220.10
Light Commercial Vehicles,London,London,Islington,Metropolitan Police,Million vehicle kilometres,63.60,72.30,72.30,71.50,71.10,61.10,63.00,64.20,63.20
Light Commercial Vehicles,London,London,Kensington and Chelsea,Metropolitan Police,Million vehicle kilometres,76.60,87.30,85.80,88.90,87.90,74.90,79.40,80.50,79.90
Light Commercial Vehicles,London,London,Kingston upon Thames,Metropolitan Police,Million vehicle kilometres,135.30,157.20,155.10,151.90,150.10,132.30,143.50,141.80,134.00
Light Commercial Vehicles,London,London,Lambeth,Metropolitan Police,Million vehicle kilometres,118.60,138.50,141.80,136.30,136.80,118.00,123.00,125.70,125.30
Light Commercial Vehicles,London,London,Lewisham,Metropolitan Police,Million vehicle kilometres,112.20,134.10,136.90,129.50,130.70,112.00,114.40,111.80,110.90
Light Commercial Vehicles,London,London,Merton,Metropolitan Police,Million vehicle kilometres,93.80,108.50,108.60,110.50,110.40,93.30,97.00,97.50,96.80
Light Commercial Vehicles,London,London,Newham,Metropolitan Police,Million vehicle kilometres,124.00,140.20,149.30,150.60,146.50,133.60,134.50,135.70,135.20
Light Commercial Vehicles,London,London,Redbridge,Metropolitan Police,Million vehicle kilometres,162.00,185.50,192.10,198.40,193.40,175.20,181.60,190.60,183.90
Light Commercial Vehicles,London,London,Richmond upon Thames,Metropolitan Police,Million vehicle kilometres,109.30,125.70,128.30,127.30,128.70,109.10,113.60,115.40,113.60
Light Commercial Vehicles,London,London,Southwark,Metropolitan Police,Million vehicle kilometres,116.90,135.40,134.20,129.30,130.80,111.50,116.70,116.90,116.60
Light Commercial Vehicles,London,London,Sutton,Metropolitan Police,Million vehicle kilometres,99.60,119.80,117.90,114.80,116.30,99.90,104.30,106.20,104.50
Light Commercial Vehicles,London,London,Tower Hamlets,Metropolitan Police,Million vehicle kilometres,142.40,162.10,162.60,163.10,159.80,144.10,152.40,152.50,146.80
Light Commercial Vehicles,London,London,Waltham Forest,Metropolitan Police,Million vehicle kilometres,112.50,125.80,134.40,144.40,140.90,128.90,132.30,131.80,135.10
Light Commercial Vehicles,London,London,Wandsworth,Metropolitan Police,Million vehicle kilometres,112.90,125.60,131.80,132.80,135.20,118.90,123.40,122.20,119.80
Light Commercial Vehicles,London,London,Westminster,Metropolitan Police,Million vehicle kilometres,126.40,141.10,141.30,140.90,136.20,111.80,115.60,117.60,116.00
Light Commercial Vehicles,South East,South East All,South East All,South East,Million vehicle kilometres,12513.30,13189.80,13323.30,13561.90,13701.60,12502.50,13875.90,14849.50,14815.80
Light Commercial Vehicles,South East,South East,Bracknell Forest,Thames Valley,Million vehicle kilometres,92.40,95.70,95.20,98.00,97.60,90.30,98.20,102.90,102.70
Light Commercial Vehicles,South East,South East,Brighton and Hove,Sussex,Million vehicle kilometres,206.20,209.10,214.60,211.60,215.60,207.30,218.30,221.40,216.80
Light Commercial Vehicles,South East,South East,Buckinghamshire,Thames Valley,Million vehicle kilometres,854.00,925.40,908.90,913.60,918.40,841.80,959.80,1038.20,1034.40
Light Commercial Vehicles,South East,South East,East Sussex,Sussex,Million vehicle kilometres,718.60,762.70,759.80,766.70,766.50,693.70,757.00,794.40,796.80
Light Commercial Vehicles,South East,South East,Hampshire,Hampshire,Million vehicle kilometres,2205.70,2326.30,2375.70,2425.00,2457.30,2269.80,2505.10,2696.40,2681.30
Light Commercial Vehicles,South East,South East,Isle of Wight,Hampshire,Million vehicle kilometres,100.10,106.90,107.90,103.10,102.90,91.10,100.70,108.60,106.00
Light Commercial Vehicles,South East,South East,Kent,Kent,Million vehicle kilometres,2328.40,2490.20,2524.00,2601.30,2629.60,2400.80,2666.10,2868.70,2873.80
Light Commercial Vehicles,South East,South East,Medway,Kent,Million vehicle kilometres,203.30,212.40,218.50,218.90,221.20,212.80,226.30,235.00,234.60
Light Commercial Vehicles,South East,South East,Milton Keynes,Thames Valley,Million vehicle kilometres,310.00,326.00,333.40,340.40,346.90,295.60,328.20,355.20,350.50
Light Commercial Vehicles,South East,South East,Oxfordshire,Thames Valley,Million vehicle kilometres,1065.30,1140.20,1167.60,1182.20,1194.60,1051.10,1186.60,1244.90,1240.60
Light Commercial Vehicles,South East,South East,Portsmouth,Hampshire,Million vehicle kilometres,176.40,182.80,185.90,184.50,184.40,165.20,186.70,208.50,200.10
Light Commercial Vehicles,South East,South East,Reading,Thames Valley,Million vehicle kilometres,78.40,79.20,81.00,81.20,81.20,74.70,78.10,81.00,80.50
Light Commercial Vehicles,South East,South East,Slough,Thames Valley,Million vehicle kilometres,108.10,109.50,106.40,109.40,102.80,90.20,98.30,100.70,107.70
Light Commercial Vehicles,South East,South East,Southampton,Hampshire,Million vehicle kilometres,148.10,146.60,148.50,151.30,150.70,141.60,149.40,154.30,153.70
Light Commercial Vehicles,South East,South East,Surrey,Surrey,Million vehicle kilometres,2010.00,2048.20,2066.90,2113.30,2176.60,2019.80,2265.30,2466.70,2444.00
Light Commercial Vehicles,South East,South East,West Berkshire,Thames Valley,Million vehicle kilometres,393.60,419.50,420.50,426.40,427.20,373.10,416.40,452.30,456.30
Light Commercial Vehicles,South East,South East,West Sussex,Sussex,Million vehicle kilometres,1074.60,1143.70,1157.70,1176.80,1167.90,1076.70,1183.70,1223.60,1224.20
Light Commercial Vehicles,South East,South East,Windsor and Maidenhead,Thames Valley,Million vehicle kilometres,229.80,242.60,233.40,238.70,239.80,211.70,236.40,256.80,270.00
Light Commercial Vehicles,South East,South East,Wokingham,Thames Valley,Million vehicle kilometres,210.00,222.70,217.30,219.50,220.40,195.20,215.30,239.90,241.90
Light Commercial Vehicles,South West,South West All,South West All,South West,Million vehicle kilometres,8167.70,8755.60,9066.60,9055.90,9233.70,8300.70,9325.40,9908.60,10041.70
Light Commercial Vehicles,South West,South West,Bath and North East Somerset,Avon and Somerset,Million vehicle kilometres,183.30,195.20,195.70,194.30,193.90,175.30,189.10,204.50,205.80
Light Commercial Vehicles,South West,South West,Bournemouth,Dorset,Million vehicle kilometres,117.30,121.00,119.20,118.30,,,,,
Light Commercial Vehicles,South West,South West,"Bournemouth,Christchurch and Poole",Dorset,Million vehicle kilometres,,,,,293.00,261.00,292.10,311.70,309.80
Light Commercial Vehicles,South West,South West,Bristol,Avon and Somerset,Million vehicle kilometres,339.60,350.50,350.30,338.50,334.00,296.50,326.90,357.20,351.00
Light Commercial Vehicles,South West,South West,Cornwall,Devon and Cornwall,Million vehicle kilometres,894.00,966.80,1032.10,1022.90,1056.40,949.80,1079.70,1150.50,1163.70
Light Commercial Vehicles,South West,South West,Devon,Devon and Cornwall,Million vehicle kilometres,1397.40,1533.30,1607.50,1626.30,1659.20,1494.80,1670.50,1788.90,1823.00
Light Commercial Vehicles,South West,South West,Dorset,Dorset,Million vehicle kilometres,,,,,749.30,677.90,751.80,753.40,772.90
Light Commercial Vehicles,South West,South West,Dorset,Dorset,Million vehicle kilometres,702.80,758.30,788.50,788.90,,,,,
Light Commercial Vehicles,South West,South West,Gloucestershire,Gloucestershire,Million vehicle kilometres,984.10,1034.70,1072.20,1064.90,1076.00,969.20,1099.50,1183.10,1198.90
Light Commercial Vehicles,South West,South West,Isles of Scilly,Devon and Cornwall,Million vehicle kilometres,0.80,0.80,0.80,0.90,0.80,0.70,0.70,0.70,0.70
Light Commercial Vehicles,South West,South West,North Somerset,Avon and Somerset,Million vehicle kilometres,328.40,361.20,378.20,372.80,384.10,339.40,384.80,419.80,414.10
Light Commercial Vehicles,South West,South West,Plymouth,Devon and Cornwall,Million vehicle kilometres,203.00,208.60,205.00,206.60,209.30,188.10,208.90,233.10,242.40
Light Commercial Vehicles,South West,South West,Poole,Dorset,Million vehicle kilometres,134.50,137.10,133.60,133.20,,,,,
Light Commercial Vehicles,South West,South West,Somerset,Avon and Somerset,Million vehicle kilometres,1066.50,1171.00,1227.60,1223.30,1253.50,1124.10,1260.80,1319.60,1336.70
Light Commercial Vehicles,South West,South West,South Gloucestershire,Avon and Somerset,Million vehicle kilometres,562.90,593.10,604.10,610.00,658.10,591.50,702.40,728.30,737.60
Light Commercial Vehicles,South West,South West,Swindon,Wiltshire,Million vehicle kilometres,276.90,288.60,294.10,301.50,298.90,264.60,288.90,310.90,318.90
Light Commercial Vehicles,South West,South West,Torbay,Devon and Cornwall,Million vehicle kilometres,94.20,98.70,98.00,99.30,95.30,84.60,91.60,97.60,98.50
Light Commercial Vehicles,South West,South West,Wiltshire,Wiltshire,Million vehicle kilometres,882.00,936.80,959.90,954.30,971.90,883.00,977.90,1049.40,1067.60
Light Commercial Vehicles,Wales,Wales All,Wales All,WALES,Million vehicle kilometres,4464.80,4788.80,4962.10,5116.60,5140.80,4478.40,5137.30,5483.80,5374.90
Light Commercial Vehicles,Wales,Wales,Blaenau Gwent,Gwent,Million vehicle kilometres,66.20,69.00,68.90,67.70,66.60,58.40,66.00,69.30,68.70
Light Commercial Vehicles,Wales,Wales,Bridgend,South Wales,Million vehicle kilometres,183.80,199.70,209.70,220.20,217.80,193.10,222.00,240.60,220.50
Light Commercial Vehicles,Wales,Wales,Caerphilly,Gwent,Million vehicle kilometres,176.30,184.70,191.00,199.70,198.70,175.60,196.00,205.50,199.40
Light Commercial Vehicles,Wales,Wales,Cardiff,South Wales,Million vehicle kilometres,374.90,393.50,418.30,436.90,421.40,398.30,449.70,468.60,458.40
Light Commercial Vehicles,Wales,Wales,Carmarthenshire,Dyfed-Powys,Million vehicle kilometres,374.70,405.80,418.10,427.60,438.60,366.70,422.80,451.50,445.40
Light Commercial Vehicles,Wales,Wales,Ceredigion,Dyfed-Powys,Million vehicle kilometres,154.50,170.70,177.60,180.70,188.90,158.80,176.50,184.40,180.10
Light Commercial Vehicles,Wales,Wales,Conwy,North Wales,Million vehicle kilometres,186.20,205.80,215.20,222.80,224.50,192.00,225.40,244.40,238.80
Light Commercial Vehicles,Wales,Wales,Denbighshire,North Wales,Million vehicle kilometres,148.80,157.80,163.50,169.90,173.80,144.10,163.50,178.10,174.80
Light Commercial Vehicles,Wales,Wales,Flintshire,North Wales,Million vehicle kilometres,261.60,281.80,291.90,301.70,304.40,260.60,307.50,325.40,306.90
Light Commercial Vehicles,Wales,Wales,Gwynedd,North Wales,Million vehicle kilometres,227.70,246.90,258.60,266.10,268.60,222.80,256.70,282.10,280.50
Light Commercial Vehicles,Wales,Wales,Isle of Anglesey,North Wales,Million vehicle kilometres,109.70,117.70,124.50,128.00,131.30,111.50,126.20,136.70,135.50
Light Commercial Vehicles,Wales,Wales,Merthyr Tydfil,South Wales,Million vehicle kilometres,63.10,66.30,61.80,64.40,63.50,53.60,68.70,74.30,70.90
Light Commercial Vehicles,Wales,Wales,Monmouthshire,Gwent,Million vehicle kilometres,210.20,228.70,236.90,241.80,248.40,209.50,246.10,268.60,273.00
Light Commercial Vehicles,Wales,Wales,Neath Port Talbot,South Wales,Million vehicle kilometres,210.90,212.90,217.40,223.20,218.90,189.80,222.60,244.50,241.90
Light Commercial Vehicles,Wales,Wales,Newport,Gwent,Million vehicle kilometres,268.90,283.90,293.00,300.00,296.80,276.20,316.10,331.40,334.20
Light Commercial Vehicles,Wales,Wales,Pembrokeshire,Dyfed-Powys,Million vehicle kilometres,213.40,232.30,239.40,240.50,253.90,213.20,239.00,258.00,254.00
Light Commercial Vehicles,Wales,Wales,Powys,Dyfed-Powys,Million vehicle kilometres,310.10,338.80,354.50,365.60,380.90,318.70,358.50,383.90,380.90
Light Commercial Vehicles,Wales,Wales,Rhondda Cynon Taf,South Wales,Million vehicle kilometres,299.30,318.90,326.10,335.10,327.20,293.10,339.90,362.60,361.70
Light Commercial Vehicles,Wales,Wales,Swansea,South Wales,Million vehicle kilometres,235.80,250.30,255.30,264.10,259.00,236.60,272.20,287.70,281.30
Light Commercial Vehicles,Wales,Wales,The Vale of Glamorgan,South Wales,Million vehicle kilometres,139.60,151.60,155.30,162.70,162.60,145.10,162.90,172.80,164.40
Light Commercial Vehicles,Wales,Wales,Torfaen,Gwent,Million vehicle kilometres,89.10,94.50,98.30,104.60,100.90,92.20,104.30,108.90,107.60
Light Commercial Vehicles,Wales,Wales,Wrexham,North Wales,Million vehicle kilometres,160.00,177.10,186.60,193.30,194.00,168.50,195.00,204.50,196.00
Heavy Goods Vehicles,Great Britain,Great Britain All,Great Britain All,,Million vehicle kilometres,26992.80,27248.80,27569.00,27662.40,27700.70,26076.40,28140.50,27971.60,27269.20
Heavy Goods Vehicles,England,England All,England All,ENGLAND,Million vehicle kilometres,23377.90,23573.60,23822.20,23921.70,23985.50,22790.40,24521.70,24369.80,23781.80
Heavy Goods Vehicles,Wales,Wales All,Wales All,WALES,Million vehicle kilometres,1104.40,1112.90,1132.70,1130.70,1128.10,1026.60,1119.30,1096.40,1056.40
Heavy Goods Vehicles,England and Wales,England and Wales All,England and Wales All,ENGLAND AND WALES,Million vehicle kilometres,24482.30,24686.50,24954.90,25052.40,25113.60,23817.00,25641.00,25466.20,24838.20
Heavy Goods Vehicles,North East,North East All,North East All,North East,Million vehicle kilometres,714.00,718.70,734.50,738.00,716.50,648.20,718.70,708.50,690.30
Heavy Goods Vehicles,North East,Rest of North East,County Durham,Durham,Million vehicle kilometres,208.40,207.80,213.80,214.80,208.90,188.90,213.10,205.50,202.40
Heavy Goods Vehicles,North East,Rest of North East,Darlington,Durham,Million vehicle kilometres,43.50,42.40,42.20,42.60,42.30,39.70,43.60,41.40,40.00
Heavy Goods Vehicles,North East,Rest of North East,Hartlepool,Cleveland,Million vehicle kilometres,25.70,25.90,25.20,25.60,23.30,19.80,21.80,23.80,23.50
Heavy Goods Vehicles,North East,Rest of North East,Middlesbrough,Cleveland,Million vehicle kilometres,33.20,31.90,34.30,35.30,34.20,29.90,32.00,33.50,32.70
Heavy Goods Vehicles,North East,Rest of North East,Northumberland,Northumbria,Million vehicle kilometres,145.00,149.10,153.10,151.30,151.50,136.90,153.30,151.50,148.20
Heavy Goods Vehicles,North East,Rest of North East,Redcar and Cleveland,Cleveland,Million vehicle kilometres,24.00,24.70,25.10,24.30,24.50,23.70,25.20,24.00,22.50
Heavy Goods Vehicles,North East,Rest of North East,Stockton-on-Tees,Cleveland,Million vehicle kilometres,54.40,55.30,58.00,59.00,57.90,52.00,58.40,57.50,58.40
Heavy Goods Vehicles,North East,Tyne and Wear ITA,Tyne and Wear ITA All,Northumbria,Million vehicle kilometres,179.70,181.70,182.80,185.10,173.80,157.40,171.20,171.30,162.60
Heavy Goods Vehicles,North East,Tyne and Wear ITA,Gateshead,,Million vehicle kilometres,53.60,54.30,58.30,58.60,53.90,53.20,61.50,57.00,48.60
Heavy Goods Vehicles,North East,Tyne and Wear ITA,Newcastle upon Tyne,,Million vehicle kilometres,34.10,33.80,35.10,36.50,33.70,30.20,31.50,29.60,29.30
Heavy Goods Vehicles,North East,Tyne and Wear ITA,North Tyneside,,Million vehicle kilometres,23.90,24.40,23.20,23.20,22.50,19.80,20.70,21.60,21.30
Heavy Goods Vehicles,North East,Tyne and Wear ITA,South Tyneside,,Million vehicle kilometres,18.60,19.40,18.50,18.50,17.70,14.70,16.20,19.70,19.50
Heavy Goods Vehicles,North East,Tyne and Wear ITA,Sunderland,,Million vehicle kilometres,49.40,49.70,47.70,48.30,45.90,39.50,41.30,43.50,43.90
Heavy Goods Vehicles,North West,North West All,North West All,North West,Million vehicle kilometres,3050.40,3062.70,3080.90,3063.40,3049.90,2953.40,3119.70,3053.80,2960.00
Heavy Goods Vehicles,North West,Rest of North West,Blackburn with Darwen,Lancashire,Million vehicle kilometres,23.80,24.20,23.10,21.50,20.80,18.60,20.80,20.60,19.70
Heavy Goods Vehicles,North West,Rest of North West,Blackpool,Lancashire,Million vehicle kilometres,7.40,6.60,5.90,6.00,5.70,5.20,5.40,5.50,5.40
Heavy Goods Vehicles,North West,Rest of North West,Cheshire,Cheshire,Million vehicle kilometres,,,,,,,,,
Heavy Goods Vehicles,North West,Rest of North West,Cheshire East,Cheshire,Million vehicle kilometres,374.70,362.30,378.00,382.00,369.20,381.80,393.40,385.60,373.40
Heavy Goods Vehicles,North West,Rest of North West,Cheshire West and Chester,Cheshire,Million vehicle kilometres,250.90,249.30,255.00,259.70,255.70,250.10,268.90,260.30,253.10
Heavy Goods Vehicles,North West,Rest of North West,Cumberland,Cumbria,Million vehicle kilometres,,,,,,,,,145.80
Heavy Goods Vehicles,North West,Rest of North West,Cumbria,Cumbria,Million vehicle kilometres,496.30,508.00,520.80,486.90,488.10,459.00,496.00,488.40,
Heavy Goods Vehicles,North West,Rest of North West,Halton,Cheshire,Million vehicle kilometres,64.30,64.20,63.80,75.20,73.40,64.80,64.40,62.60,56.80
Heavy Goods Vehicles,North West,Rest of North West,Lancashire,Lancashire,Million vehicle kilometres,549.20,561.20,551.00,546.40,556.60,521.20,560.00,553.90,531.80
Heavy Goods Vehicles,North West,Rest of North West,Warrington,Chesire,Million vehicle kilometres,212.10,221.10,222.20,221.40,221.70,217.10,227.00,222.90,218.40
Heavy Goods Vehicles,North West,Rest of North West,Westmorland and Furness,Cumbria,Million vehicle kilometres,,,,,,,,,332.10
Heavy Goods Vehicles,North West,Greater Manchester ITA,Greater Manchester ITA All,Greater Manchester,Million vehicle kilometres,793.50,790.70,776.70,783.40,787.40,766.60,801.10,779.70,761.90
Heavy Goods Vehicles,North West,Greater Manchester ITA,Bolton,,Million vehicle kilometres,75.20,72.30,74.30,73.40,72.60,69.60,72.40,73.30,71.00
Heavy Goods Vehicles,North West,Greater Manchester ITA,Bury,,Million vehicle kilometres,88.10,89.60,86.90,90.40,90.30,90.30,94.90,94.00,90.50
Heavy Goods Vehicles,North West,Greater Manchester ITA,Manchester,,Million vehicle kilometres,71.10,68.20,67.60,67.00,67.00,62.90,66.10,64.00,62.50
Heavy Goods Vehicles,North West,Greater Manchester ITA,Oldham,,Million vehicle kilometres,34.50,33.90,33.60,33.30,33.10,31.30,30.30,29.30,29.80
Heavy Goods Vehicles,North West,Greater Manchester ITA,Rochdale,,Million vehicle kilometres,128.70,130.00,128.70,132.60,138.40,139.30,149.00,137.10,135.90
Heavy Goods Vehicles,North West,Greater Manchester ITA,Salford,,Million vehicle kilometres,148.50,151.00,140.20,142.10,139.70,139.90,149.30,150.00,146.30
Heavy Goods Vehicles,North West,Greater Manchester ITA,Stockport,,Million vehicle kilometres,56.50,55.40,54.80,54.60,57.70,52.00,52.50,51.10,50.40
Heavy Goods Vehicles,North West,Greater Manchester ITA,Tameside,,Million vehicle kilometres,42.90,43.20,43.10,43.00,42.50,40.40,43.40,40.60,41.70
Heavy Goods Vehicles,North West,Greater Manchester ITA,Trafford,,Million vehicle kilometres,46.20,44.10,45.80,44.60,44.60,42.70,41.50,42.30,40.80
Heavy Goods Vehicles,North West,Greater Manchester ITA,Wigan,,Million vehicle kilometres,101.80,103.10,101.70,102.40,101.50,98.10,101.70,98.30,93.00
Heavy Goods Vehicles,North West,Merseyside ITA,Merseyside ITA All,Merseyside,Million vehicle kilometres,278.10,275.10,284.40,280.80,271.30,269.00,282.50,274.30,261.60
Heavy Goods Vehicles,North West,Merseyside ITA,Knowsley,,Million vehicle kilometres,70.80,70.20,75.50,73.40,72.70,74.10,80.60,78.00,70.50
Heavy Goods Vehicles,North West,Merseyside ITA,Liverpool,,Million vehicle kilometres,44.40,41.50,42.70,41.20,39.10,36.40,37.20,35.20,34.20
Heavy Goods Vehicles,North West,Merseyside ITA,Sefton,,Million vehicle kilometres,33.60,32.90,35.20,34.90,35.00,33.40,35.10,35.10,33.70
Heavy Goods Vehicles,North West,Merseyside ITA,St. Helens,,Million vehicle kilometres,84.40,86.40,87.20,91.50,85.30,88.40,90.90,89.60,87.60
Heavy Goods Vehicles,North West,Merseyside ITA,Wirral,,Million vehicle kilometres,45.00,44.10,43.80,39.70,39.20,36.70,38.80,36.40,35.60
Heavy Goods Vehicles,Yorkshire and The Humber,Yorkshire and The Humber All,Yorkshire and The Humber All,Yorkshire and The Humber,Million vehicle kilometres,2882.10,2890.80,2921.20,2936.40,3040.30,2916.40,3148.90,3097.90,3018.70
Heavy Goods Vehicles,Yorkshire and The Humber,Rest of Yorkshire and The Humber,East Riding of Yorkshire,Humberside,Million vehicle kilometres,248.20,251.70,258.00,255.20,254.70,240.90,256.40,265.60,254.40
Heavy Goods Vehicles,Yorkshire and The Humber,Rest of Yorkshire and The Humber,Kingston upon Hull,Humberside,Million vehicle kilometres,35.60,34.90,36.80,34.70,35.60,34.00,34.80,35.20,32.00
Heavy Goods Vehicles,Yorkshire and The Humber,Rest of Yorkshire and The Humber,North East Lincolnshire,Humberside,Million vehicle kilometres,33.00,32.60,34.40,33.50,33.30,32.40,33.70,32.40,31.80
Heavy Goods Vehicles,Yorkshire and The Humber,Rest of Yorkshire and The Humber,North Lincolnshire,Humberside,Million vehicle kilometres,199.50,208.50,211.30,218.50,220.50,211.90,226.60,227.30,225.50
Heavy Goods Vehicles,Yorkshire and The Humber,Rest of Yorkshire and The Humber,North Yorkshire,North Yorkshire,Million vehicle kilometres,672.70,662.70,670.30,672.90,702.60,675.60,761.90,723.40,706.30
Heavy Goods Vehicles,Yorkshire and The Humber,Rest of Yorkshire and The Humber,York,North Yorkshire,Million vehicle kilometres,43.70,45.20,42.70,42.20,43.60,41.90,45.10,45.80,43.60
Heavy Goods Vehicles,Yorkshire and The Humber,South Yorkshire ITA,South Yorkshire ITA All,South Yorkshire,Million vehicle kilometres,692.50,699.40,716.40,720.60,736.40,697.40,743.40,731.20,714.60
Heavy Goods Vehicles,Yorkshire and The Humber,South Yorkshire ITA,Barnsley,,Million vehicle kilometres,104.50,105.10,106.80,109.40,113.00,108.10,113.40,107.90,102.70
Heavy Goods Vehicles,Yorkshire and The Humber,South Yorkshire ITA,Doncaster,,Million vehicle kilometres,329.50,338.00,348.50,347.30,349.40,335.80,358.70,353.90,343.40
Heavy Goods Vehicles,Yorkshire and The Humber,South Yorkshire ITA,Rotherham,,Million vehicle kilometres,169.80,170.70,175.00,177.30,188.10,172.70,182.70,183.50,185.50
Heavy Goods Vehicles,Yorkshire and The Humber,South Yorkshire ITA,Sheffield,,Million vehicle kilometres,88.70,85.60,86.10,86.70,85.80,80.80,88.60,86.00,83.10
Heavy Goods Vehicles,Yorkshire and The Humber,West Yorkshire ITA,West Yorkshire ITA All,West Yorkshire,Million vehicle kilometres,956.90,955.80,951.20,958.80,1013.60,982.30,1047.10,1036.90,1010.50
Heavy Goods Vehicles,Yorkshire and The Humber,West Yorkshire ITA,Bradford,,Million vehicle kilometres,60.10,55.90,54.60,50.20,49.30,51.20,52.80,52.50,50.40
Heavy Goods Vehicles,Yorkshire and The Humber,West Yorkshire ITA,Calderdale,,Million vehicle kilometres,101.50,98.60,98.20,98.50,104.70,100.80,104.40,103.70,100.90
Heavy Goods Vehicles,Yorkshire and The Humber,West Yorkshire ITA,Kirklees,,Million vehicle kilometres,172.30,179.30,177.90,181.90,186.10,179.80,190.50,191.90,184.40
Heavy Goods Vehicles,Yorkshire and The Humber,West Yorkshire ITA,Leeds,,Million vehicle kilometres,379.10,380.20,375.20,379.60,414.60,411.70,437.40,430.30,419.80
Heavy Goods Vehicles,Yorkshire and The Humber,West Yorkshire ITA,Wakefield,,Million vehicle kilometres,243.90,241.70,245.30,248.50,258.80,238.90,261.90,258.50,254.90
Heavy Goods Vehicles,East Midlands,East Midlands All,East Midlands All,East Midlands,Million vehicle kilometres,3059.30,3146.80,3177.80,3205.40,3227.20,3024.40,3337.30,3323.80,3244.70
Heavy Goods Vehicles,East Midlands,East Midlands,Derby,Derbyshire,Million vehicle kilometres,52.10,50.70,50.60,51.50,50.40,47.90,53.70,49.50,47.80
Heavy Goods Vehicles,East Midlands,East Midlands,Derbyshire,Derbyshire,Million vehicle kilometres,565.30,594.40,562.40,574.50,587.30,553.90,619.40,615.20,601.30
Heavy Goods Vehicles,East Midlands,East Midlands,Leicester,Leicestershire,Million vehicle kilometres,30.20,29.40,28.60,28.80,28.00,25.50,28.00,27.90,26.50
Heavy Goods Vehicles,East Midlands,East Midlands,Leicestershire,Leicestershire,Million vehicle kilometres,628.70,654.20,658.20,657.40,664.70,629.00,682.60,677.70,677.00
Heavy Goods Vehicles,East Midlands,East Midlands,Lincolnshire,Lincolnshire,Million vehicle kilometres,441.40,445.80,462.20,451.50,444.20,421.80,449.70,449.30,432.30
Heavy Goods Vehicles,East Midlands,East Midlands,North Northamptonshire,Northamptonshire,Million vehicle kilometres,,,,,,,277.80,267.70,259.60
Heavy Goods Vehicles,East Midlands,East Midlands,Northamptonshire,Northamptonshire,Million vehicle kilometres,734.30,757.40,796.30,817.10,810.20,765.10,,,
Heavy Goods Vehicles,East Midlands,East Midlands,Nottingham,Nottinghamshire,Million vehicle kilometres,33.90,33.20,32.90,34.30,33.60,30.20,33.10,32.00,30.80
Heavy Goods Vehicles,East Midlands,East Midlands,Nottinghamshire,Nottinghamshire,Million vehicle kilometres,504.50,513.20,517.40,522.30,540.50,490.00,538.80,529.70,516.50
Heavy Goods Vehicles,East Midlands,East Midlands,Rutland,Leicestershire,Million vehicle kilometres,69.00,68.50,69.10,68.00,68.50,60.90,67.20,67.80,64.80
Heavy Goods Vehicles,East Midlands,East Midlands,West Northamptonshire,Northamptonshire,Million vehicle kilometres,,,,,,,586.90,606.90,588.20
Heavy Goods Vehicles,West Midlands,West Midlands All,West Midlands All,West Midlands Region,Million vehicle kilometres,3121.40,3154.80,3215.80,3222.20,3217.20,3093.10,3434.40,3397.80,3306.90
Heavy Goods Vehicles,West Midlands,Rest of West Midlands,Herefordshire,West Mercia,Million vehicle kilometres,105.60,107.10,114.60,112.20,108.00,100.30,113.30,116.00,111.60
Heavy Goods Vehicles,West Midlands,Rest of West Midlands,Shropshire,West Mercia,Million vehicle kilometres,186.60,195.20,200.90,204.60,198.80,191.50,211.90,209.30,198.10
Heavy Goods Vehicles,West Midlands,Rest of West Midlands,Staffordshire,Staffordshire,Million vehicle kilometres,796.80,816.60,821.00,819.80,817.80,774.00,871.90,850.70,826.40
Heavy Goods Vehicles,West Midlands,Rest of West Midlands,Stoke-on-Trent,Staffordshire,Million vehicle kilometres,47.50,47.10,46.00,46.10,47.50,49.00,55.70,55.90,52.30
Heavy Goods Vehicles,West Midlands,Rest of West Midlands,Telford and Wrekin,West Mercia,Million vehicle kilometres,53.20,52.60,57.00,60.70,60.80,60.50,64.90,65.80,61.80
Heavy Goods Vehicles,West Midlands,Rest of West Midlands,Warwickshire,Warwickshire,Million vehicle kilometres,783.60,779.80,808.90,816.90,811.70,768.50,860.10,851.20,841.20
Heavy Goods Vehicles,West Midlands,Rest of West Midlands,Worcestershire,West Mercia,Million vehicle kilometres,463.40,465.00,461.90,443.50,448.20,417.60,476.60,475.10,467.20
Heavy Goods Vehicles,West Midlands,West Midlands ITA,West Midlands ITA All,West Midlands,Million vehicle kilometres,684.60,691.50,705.50,718.50,724.50,731.60,780.10,773.70,748.30
Heavy Goods Vehicles,West Midlands,West Midlands ITA,Birmingham,,Million vehicle kilometres,192.50,193.70,191.70,201.00,208.30,212.20,212.40,215.00,199.20
Heavy Goods Vehicles,West Midlands,West Midlands ITA,Coventry,,Million vehicle kilometres,57.10,56.90,60.20,57.10,59.60,58.30,72.10,72.10,71.30
Heavy Goods Vehicles,West Midlands,West Midlands ITA,Dudley,,Million vehicle kilometres,52.80,49.00,50.30,50.80,50.00,49.80,57.00,55.90,54.80
Heavy Goods Vehicles,West Midlands,West Midlands ITA,Sandwell,,Million vehicle kilometres,113.90,113.90,123.50,126.90,126.70,122.60,130.70,129.80,130.80
Heavy Goods Vehicles,West Midlands,West Midlands ITA,Solihull,,Million vehicle kilometres,150.20,157.50,146.70,149.30,149.40,151.20,153.30,153.00,147.30
Heavy Goods Vehicles,West Midlands,West Midlands ITA,Walsall,,Million vehicle kilometres,94.30,96.30,108.50,107.40,104.70,111.00,124.90,119.10,116.80
Heavy Goods Vehicles,West Midlands,West Midlands ITA,Wolverhampton,,Million vehicle kilometres,23.80,24.20,24.70,26.10,25.90,26.50,29.60,28.90,28.10
Heavy Goods Vehicles,East of England,East of England All,East of England All,East,Million vehicle kilometres,3301.30,3372.00,3450.80,3515.00,3491.40,3391.90,3483.40,3521.80,3473.60
Heavy Goods Vehicles,East of England,East of England,Bedford,Bedfordshire,Million vehicle kilometres,57.80,58.10,64.60,65.70,68.10,60.50,63.60,63.90,61.70
Heavy Goods Vehicles,East of England,East of England,Bedfordshire,Bedfordshire,Million vehicle kilometres,,,,,,,,,
Heavy Goods Vehicles,East of England,East of England,Cambridgeshire,Cambridgeshire,Million vehicle kilometres,618.80,643.60,679.70,686.30,677.50,682.50,725.90,719.80,708.60
Heavy Goods Vehicles,East of England,East of England,Central Bedfordshire,Bedfordshire,Million vehicle kilometres,258.10,255.10,250.80,272.20,283.10,283.90,275.00,282.60,278.90
Heavy Goods Vehicles,East of England,East of England,Essex,Essex,Million vehicle kilometres,750.70,773.40,788.10,799.00,786.00,748.40,760.20,779.40,781.30
Heavy Goods Vehicles,East of England,East of England,Hertfordshire,Hertfordshire,Million vehicle kilometres,605.00,615.90,604.90,623.90,605.10,617.10,594.80,611.70,599.50
Heavy Goods Vehicles,East of England,East of England,Luton,Bedfordshire,Million vehicle kilometres,26.80,26.50,27.50,28.80,30.50,29.80,29.90,31.10,30.90
Heavy Goods Vehicles,East of England,East of England,Norfolk,Norfolk,Million vehicle kilometres,334.20,335.60,347.30,351.30,353.40,320.80,344.20,342.50,331.40
Heavy Goods Vehicles,East of England,East of England,Peterborough,Cambridgeshire,Million vehicle kilometres,91.70,92.50,95.90,98.50,99.60,93.30,102.90,108.60,100.70
Heavy Goods Vehicles,East of England,East of England,Southend-on-Sea,Essex,Million vehicle kilometres,10.00,9.20,8.70,8.60,8.40,7.60,7.50,7.40,7.20
Heavy Goods Vehicles,East of England,East of England,Suffolk,Suffolk,Million vehicle kilometres,403.20,410.70,418.70,412.70,408.90,379.30,405.70,398.70,399.90
Heavy Goods Vehicles,East of England,East of England,Thurrock,Essex,Million vehicle kilometres,145.10,151.30,164.50,167.90,170.90,168.60,173.70,176.10,173.60
Heavy Goods Vehicles,London,London All,London All,London,Million vehicle kilometres,1067.70,1027.20,975.10,962.20,961.60,954.30,1022.70,1043.80,999.40
Heavy Goods Vehicles,London,London,Barking and Dagenham,Metropolitan Police,Million vehicle kilometres,35.30,33.70,29.50,31.00,29.70,29.00,27.90,30.40,26.30
Heavy Goods Vehicles,London,London,Barnet,Metropolitan Police,Million vehicle kilometres,63.40,62.90,59.20,58.50,60.00,51.00,55.40,53.50,49.60
Heavy Goods Vehicles,London,London,Bexley,Metropolitan Police,Million vehicle kilometres,30.90,31.80,30.60,27.90,28.60,27.30,29.40,30.60,28.30
Heavy Goods Vehicles,London,London,Brent,Metropolitan Police,Million vehicle kilometres,27.80,26.00,24.10,24.80,25.50,26.50,27.40,27.20,25.70
Heavy Goods Vehicles,London,London,Bromley,Metropolitan Police,Million vehicle kilometres,23.40,22.80,19.10,17.50,17.20,18.90,21.30,21.90,21.20
Heavy Goods Vehicles,London,London,Camden,Metropolitan Police,Million vehicle kilometres,11.60,11.30,9.60,9.10,8.50,8.80,9.90,10.20,9.80
Heavy Goods Vehicles,London,London,City of London,City of London,Million vehicle kilometres,6.10,6.00,5.30,4.50,4.40,3.80,4.20,4.20,4.10
Heavy Goods Vehicles,London,London,Croydon,Metropolitan Police,Million vehicle kilometres,27.00,25.90,22.30,19.00,19.10,21.90,23.60,25.00,24.00
Heavy Goods Vehicles,London,London,Ealing,Metropolitan Police,Million vehicle kilometres,48.80,43.10,44.20,43.70,43.90,43.60,46.30,48.10,42.40
Heavy Goods Vehicles,London,London,Enfield,Metropolitan Police,Million vehicle kilometres,133.70,124.40,133.40,133.60,125.70,117.50,134.10,137.30,132.80
Heavy Goods Vehicles,London,London,Greenwich,Metropolitan Police,Million vehicle kilometres,32.40,32.40,30.20,29.50,30.00,31.50,35.30,34.80,33.40
Heavy Goods Vehicles,London,London,Hackney,Metropolitan Police,Million vehicle kilometres,15.10,13.40,11.30,10.40,10.10,11.60,12.50,12.20,12.10
Heavy Goods Vehicles,London,London,Hammersmith and Fulham,Metropolitan Police,Million vehicle kilometres,14.70,13.70,11.60,11.70,11.50,12.30,13.30,13.90,13.20
Heavy Goods Vehicles,London,London,Haringey,Metropolitan Police,Million vehicle kilometres,14.10,13.20,11.70,11.00,10.90,12.60,14.00,14.70,14.20
Heavy Goods Vehicles,London,London,Harrow,Metropolitan Police,Million vehicle kilometres,10.70,10.20,8.40,8.00,8.00,8.10,9.60,10.30,10.10
Heavy Goods Vehicles,London,London,Havering,Metropolitan Police,Million vehicle kilometres,144.10,146.60,146.80,152.10,152.00,156.20,157.40,156.70,154.40
Heavy Goods Vehicles,London,London,Hillingdon,Metropolitan Police,Million vehicle kilometres,68.40,67.40,64.40,66.00,73.10,73.10,77.50,78.10,77.50
Heavy Goods Vehicles,London,London,Hounslow,Metropolitan Police,Million vehicle kilometres,39.90,39.70,37.20,37.40,39.50,37.10,41.60,43.10,42.00
Heavy Goods Vehicles,London,London,Islington,Metropolitan Police,Million vehicle kilometres,12.00,10.70,9.80,8.90,8.60,8.00,8.60,9.00,8.90
Heavy Goods Vehicles,London,London,Kensington and Chelsea,Metropolitan Police,Million vehicle kilometres,13.80,12.60,12.50,12.80,12.20,11.00,12.30,13.20,12.70
Heavy Goods Vehicles,London,London,Kingston upon Thames,Metropolitan Police,Million vehicle kilometres,17.60,16.00,13.70,11.90,15.00,15.50,18.20,18.60,17.30
Heavy Goods Vehicles,London,London,Lambeth,Metropolitan Police,Million vehicle kilometres,16.80,16.40,15.10,13.50,13.20,13.60,15.10,16.00,15.80
Heavy Goods Vehicles,London,London,Lewisham,Metropolitan Police,Million vehicle kilometres,14.40,14.00,11.50,10.90,10.80,11.80,13.70,13.80,13.30
Heavy Goods Vehicles,London,London,Merton,Metropolitan Police,Million vehicle kilometres,13.00,12.60,11.50,10.80,11.00,11.10,12.40,13.10,12.60
Heavy Goods Vehicles,London,London,Newham,Metropolitan Police,Million vehicle kilometres,42.60,42.30,38.50,37.70,38.50,37.70,36.90,37.20,36.20
Heavy Goods Vehicles,London,London,Redbridge,Metropolitan Police,Million vehicle kilometres,41.30,38.20,37.10,39.10,36.70,35.50,37.40,38.30,34.90
Heavy Goods Vehicles,London,London,Richmond upon Thames,Metropolitan Police,Million vehicle kilometres,15.20,14.40,13.00,11.00,10.60,11.00,12.30,13.00,12.70
Heavy Goods Vehicles,London,London,Southwark,Metropolitan Police,Million vehicle kilometres,16.30,14.40,13.60,12.30,12.30,13.60,14.50,15.00,14.50
Heavy Goods Vehicles,London,London,Sutton,Metropolitan Police,Million vehicle kilometres,9.60,8.90,7.50,7.20,7.50,9.90,10.50,11.00,10.40
Heavy Goods Vehicles,London,London,Tower Hamlets,Metropolitan Police,Million vehicle kilometres,37.00,35.60,32.00,30.20,29.50,29.10,31.90,32.40,30.30
Heavy Goods Vehicles,London,London,Waltham Forest,Metropolitan Police,Million vehicle kilometres,28.40,28.40,25.10,26.90,25.30,23.80,24.20,24.50,23.50
Heavy Goods Vehicles,London,London,Wandsworth,Metropolitan Police,Million vehicle kilometres,18.00,17.20,15.00,14.00,14.20,14.20,15.50,16.60,16.40
Heavy Goods Vehicles,London,London,Westminster,Metropolitan Police,Million vehicle kilometres,24.20,21.00,20.10,19.40,18.50,17.50,18.70,20.00,19.20
Heavy Goods Vehicles,South East,South East All,South East All,South East,Million vehicle kilometres,3920.10,3930.70,3961.80,3970.00,3937.30,3675.60,3921.60,3948.30,3855.90
Heavy Goods Vehicles,South East,South East,Bracknell Forest,Thames Valley,Million vehicle kilometres,17.70,16.80,17.30,18.30,19.30,18.30,20.00,20.70,20.30
Heavy Goods Vehicles,South East,South East,Brighton and Hove,Sussex,Million vehicle kilometres,22.30,21.90,21.50,20.40,21.20,19.30,18.80,19.00,18.90
Heavy Goods Vehicles,South East,South East,Buckinghamshire,Thames Valley,Million vehicle kilometres,319.70,314.20,315.20,316.20,323.00,317.70,351.70,356.00,352.20
Heavy Goods Vehicles,South East,South East,East Sussex,Sussex,Million vehicle kilometres,94.50,94.30,93.20,90.10,90.70,83.10,89.10,88.50,84.50
Heavy Goods Vehicles,South East,South East,Hampshire,Hampshire,Million vehicle kilometres,644.00,642.80,640.60,636.90,624.00,582.70,608.30,611.70,588.40
Heavy Goods Vehicles,South East,South East,Isle of Wight,Hampshire,Million vehicle kilometres,11.60,11.40,11.70,11.20,11.20,10.20,10.50,10.10,9.40
Heavy Goods Vehicles,South East,South East,Kent,Kent,Million vehicle kilometres,913.00,926.70,935.40,952.50,930.50,864.40,909.90,900.10,889.70
Heavy Goods Vehicles,South East,South East,Medway,Kent,Million vehicle kilometres,52.40,53.60,54.10,52.70,55.60,53.50,50.80,50.30,49.20
Heavy Goods Vehicles,South East,South East,Milton Keynes,Thames Valley,Million vehicle kilometres,152.40,149.50,161.40,164.40,166.80,152.40,168.00,171.00,164.50
Heavy Goods Vehicles,South East,South East,Oxfordshire,Thames Valley,Million vehicle kilometres,459.40,466.90,479.70,468.20,477.20,424.90,472.70,474.30,462.10
Heavy Goods Vehicles,South East,South East,Portsmouth,Hampshire,Million vehicle kilometres,31.20,30.80,29.60,28.50,29.50,26.90,28.90,28.90,26.80
Heavy Goods Vehicles,South East,South East,Reading,Thames Valley,Million vehicle kilometres,14.60,14.00,13.10,13.40,13.50,12.30,13.00,13.30,12.90
Heavy Goods Vehicles,South East,South East,Slough,Thames Valley,Million vehicle kilometres,38.50,39.40,40.20,41.40,39.80,36.30,38.90,38.20,38.00
Heavy Goods Vehicles,South East,South East,Southampton,Hampshire,Million vehicle kilometres,22.60,22.00,20.80,23.50,22.30,21.20,21.70,21.60,20.90
Heavy Goods Vehicles,South East,South East,Surrey,Surrey,Million vehicle kilometres,570.40,564.90,543.20,554.10,538.10,531.70,544.20,556.20,541.60
Heavy Goods Vehicles,South East,South East,West Berkshire,Thames Valley,Million vehicle kilometres,218.00,222.10,240.10,237.90,231.50,209.90,237.40,245.00,239.90
Heavy Goods Vehicles,South East,South East,West Sussex,Sussex,Million vehicle kilometres,193.90,193.90,193.10,189.00,189.40,172.20,185.40,183.90,181.70
Heavy Goods Vehicles,South East,South East,Windsor and Maidenhead,Thames Valley,Million vehicle kilometres,72.10,72.80,78.90,80.20,79.40,71.90,81.70,84.80,81.30
Heavy Goods Vehicles,South East,South East,Wokingham,Thames Valley,Million vehicle kilometres,71.70,72.60,72.80,71.20,74.40,66.60,70.60,74.60,73.60
Heavy Goods Vehicles,South West,South West All,South West All,South West,Million vehicle kilometres,2261.60,2270.00,2304.50,2309.20,2344.00,2133.20,2334.90,2274.10,2232.40
Heavy Goods Vehicles,South West,South West,Bath and North East Somerset,Avon and Somerset,Million vehicle kilometres,30.10,30.60,29.30,28.50,28.30,25.60,27.00,27.20,26.60
Heavy Goods Vehicles,South West,South West,Bournemouth,Dorset,Million vehicle kilometres,10.20,9.80,9.30,9.30,,,,,
Heavy Goods Vehicles,South West,South West,"Bournemouth,Christchurch and Poole",Dorset,Million vehicle kilometres,,,,,28.70,25.40,26.90,26.40,25.70
Heavy Goods Vehicles,South West,South West,Bristol,Avon and Somerset,Million vehicle kilometres,60.60,61.70,62.30,63.80,64.60,57.50,62.00,61.80,60.00
Heavy Goods Vehicles,South West,South West,Cornwall,Devon and Cornwall,Million vehicle kilometres,179.10,179.20,186.30,177.80,182.20,162.90,180.60,178.40,174.70
Heavy Goods Vehicles,South West,South West,Devon,Devon and Cornwall,Million vehicle kilometres,365.60,369.50,361.50,364.70,375.80,339.90,381.20,378.50,371.90
Heavy Goods Vehicles,South West,South West,Dorset,Dorset,Million vehicle kilometres,,,,,121.80,110.90,119.20,113.20,110.50
Heavy Goods Vehicles,South West,South West,Dorset,Dorset,Million vehicle kilometres,127.00,126.00,126.60,124.30,,,,,
Heavy Goods Vehicles,South West,South West,Gloucestershire,Gloucestershire,Million vehicle kilometres,351.70,344.90,360.80,358.20,366.20,343.30,379.10,358.10,353.50
Heavy Goods Vehicles,South West,South West,Isles of Scilly,Devon and Cornwall,Million vehicle kilometres,0.10,0.10,0.10,0.10,0.10,0.00,0.00,0.00,0.00
Heavy Goods Vehicles,South West,South West,North Somerset,Avon and Somerset,Million vehicle kilometres,116.90,114.40,113.50,126.60,130.00,104.90,113.90,116.30,114.30
Heavy Goods Vehicles,South West,South West,Plymouth,Devon and Cornwall,Million vehicle kilometres,24.80,24.10,23.20,23.50,23.30,20.50,22.10,22.70,22.40
Heavy Goods Vehicles,South West,South West,Poole,Dorset,Million vehicle kilometres,15.60,15.50,14.40,14.40,,,,,
Heavy Goods Vehicles,South West,South West,Somerset,Avon and Somerset,Million vehicle kilometres,337.20,338.70,338.00,337.30,337.00,304.70,340.60,326.40,314.20
Heavy Goods Vehicles,South West,South West,South Gloucestershire,Avon and Somerset,Million vehicle kilometres,244.10,252.90,270.20,276.10,275.20,256.30,284.60,280.00,272.90
Heavy Goods Vehicles,South West,South West,Swindon,Wiltshire,Million vehicle kilometres,97.50,98.90,100.30,99.70,100.60,91.20,96.80,95.80,92.70
Heavy Goods Vehicles,South West,South West,Torbay,Devon and Cornwall,Million vehicle kilometres,8.50,8.30,7.40,7.60,7.50,6.60,7.00,6.80,6.40
Heavy Goods Vehicles,South West,South West,Wiltshire,Wiltshire,Million vehicle kilometres,292.60,295.10,301.50,297.30,302.50,283.50,294.00,282.50,286.60
Heavy Goods Vehicles,Wales,Wales All,Wales All,WALES,Million vehicle kilometres,1104.40,1112.90,1132.70,1130.70,1128.10,1026.60,1119.30,1096.40,1056.40
Heavy Goods Vehicles,Wales,Wales,Blaenau Gwent,Gwent,Million vehicle kilometres,12.20,11.80,11.90,11.60,11.50,10.30,11.00,11.10,10.90
Heavy Goods Vehicles,Wales,Wales,Bridgend,South Wales,Million vehicle kilometres,51.10,50.60,52.70,53.50,53.80,51.20,54.90,55.30,47.40
Heavy Goods Vehicles,Wales,Wales,Caerphilly,Gwent,Million vehicle kilometres,26.80,26.00,25.70,26.20,26.00,23.90,24.50,24.70,23.60
Heavy Goods Vehicles,Wales,Wales,Cardiff,South Wales,Million vehicle kilometres,91.60,95.50,98.80,94.60,95.00,93.90,96.30,93.20,91.10
Heavy Goods Vehicles,Wales,Wales,Carmarthenshire,Dyfed-Powys,Million vehicle kilometres,83.30,81.40,83.50,84.30,83.60,72.90,79.80,77.30,75.80
Heavy Goods Vehicles,Wales,Wales,Ceredigion,Dyfed-Powys,Million vehicle kilometres,27.20,25.70,25.90,25.50,25.30,22.50,25.80,25.70,24.30
Heavy Goods Vehicles,Wales,Wales,Conwy,North Wales,Million vehicle kilometres,41.60,43.00,44.40,45.80,45.50,46.80,51.10,42.40,42.10
Heavy Goods Vehicles,Wales,Wales,Denbighshire,North Wales,Million vehicle kilometres,31.40,31.20,32.50,32.70,32.20,29.00,30.90,30.50,30.40
Heavy Goods Vehicles,Wales,Wales,Flintshire,North Wales,Million vehicle kilometres,68.10,70.00,67.70,68.80,70.60,63.50,68.50,68.80,65.30
Heavy Goods Vehicles,Wales,Wales,Gwynedd,North Wales,Million vehicle kilometres,47.70,48.40,47.20,47.10,46.10,39.00,44.70,45.60,44.20
Heavy Goods Vehicles,Wales,Wales,Isle of Anglesey,North Wales,Million vehicle kilometres,20.90,21.40,22.90,23.40,23.30,20.70,23.50,23.90,23.30
Heavy Goods Vehicles,Wales,Wales,Merthyr Tydfil,South Wales,Million vehicle kilometres,14.30,14.50,12.00,12.20,12.20,10.70,12.70,12.90,12.80
Heavy Goods Vehicles,Wales,Wales,Monmouthshire,Gwent,Million vehicle kilometres,100.00,103.40,106.30,106.20,108.50,96.20,110.10,112.90,108.70
Heavy Goods Vehicles,Wales,Wales,Neath Port Talbot,South Wales,Million vehicle kilometres,62.10,57.30,60.70,60.30,58.30,53.10,57.50,57.50,54.80
Heavy Goods Vehicles,Wales,Wales,Newport,Gwent,Million vehicle kilometres,108.80,112.10,117.80,119.20,118.00,105.10,113.50,110.30,107.90
Heavy Goods Vehicles,Wales,Wales,Pembrokeshire,Dyfed-Powys,Million vehicle kilometres,42.30,41.90,41.80,40.50,40.00,34.40,38.60,36.60,36.90
Heavy Goods Vehicles,Wales,Wales,Powys,Dyfed-Powys,Million vehicle kilometres,80.70,81.70,83.00,80.90,80.30,67.70,76.70,75.40,73.60
Heavy Goods Vehicles,Wales,Wales,Rhondda Cynon Taf,South Wales,Million vehicle kilometres,65.60,67.00,65.20,66.20,66.00,62.20,66.50,63.50,61.60
Heavy Goods Vehicles,Wales,Wales,Swansea,South Wales,Million vehicle kilometres,45.90,46.30,47.80,47.30,47.30,44.20,46.10,44.80,41.80
Heavy Goods Vehicles,Wales,Wales,The Vale of Glamorgan,South Wales,Million vehicle kilometres,27.80,28.00,28.50,26.90,26.50,25.40,27.70,27.30,26.30
Heavy Goods Vehicles,Wales,Wales,Torfaen,Gwent,Million vehicle kilometres,11.10,11.40,11.60,12.20,12.20,11.40,11.90,11.90,11.40
Heavy Goods Vehicles,Wales,Wales,Wrexham,North Wales,Million vehicle kilometres,43.90,44.40,44.90,45.40,45.90,42.50,47.20,44.90,42.20
